Date,Euribor_1M,Euribor_1Y
2014-12-01,0.00021,0.0033
2014-12-02,0.00022,0.00331
2014-12-03,0.00022,0.00328
2014-12-04,0.00022,0.00328
2014-12-05,0.00022,0.00329
2014-12-08,0.00022,0.00329
2014-12-09,0.00024,0.00329
2014-12-10,0.00022,0.00328
2014-12-11,0.00022,0.00328
2014-12-12,0.00023,0.00329
2014-12-15,0.00024,0.00329
2014-12-16,0.00025,0.00329
2014-12-17,0.00026,0.0033
2014-12-18,0.00025,0.00328
2014-12-19,0.00026,0.00329
2014-12-22,0.00026,0.00329
2014-12-23,0.00024,0.00328
2014-12-24,0.00025,0.00328
2014-12-29,0.00024,0.00328
2014-12-30,0.00019,0.00327
2014-12-31,0.00018,0.00325
2015-01-02,0.00016,0.00323
2015-01-05,0.00015,0.00321
2015-01-06,0.00015,0.00319
2015-01-07,0.00012,0.00319
2015-01-08,0.0001,0.00319
2015-01-09,9e-05,0.00318
2015-01-12,9e-05,0.00317
2015-01-13,8e-05,0.00318
2015-01-14,6e-05,0.00315
2015-01-15,7e-05,0.00313
2015-01-16,2e-05,0.00299
2015-01-19,-2e-05,0.00289
2015-01-20,-5e-05,0.00284
2015-01-21,-4e-05,0.00283
2015-01-22,-1e-05,0.00282
2015-01-23,1e-05,0.00275
2015-01-26,2e-05,0.00277
2015-01-27,5e-05,0.00277
2015-01-28,1e-05,0.00273
2015-01-29,1e-05,0.00271
2015-01-30,1e-05,0.0027
2015-02-02,3e-05,0.00271
2015-02-03,1e-05,0.00266
2015-02-04,1e-05,0.00263
2015-02-05,0.0,0.00262
2015-02-06,2e-05,0.00261
2015-02-09,-1e-05,0.00261
2015-02-10,0.0,0.00262
2015-02-11,1e-05,0.0026
2015-02-12,2e-05,0.0026
2015-02-13,2e-05,0.00259
2015-02-16,1e-05,0.00258
2015-02-17,1e-05,0.00258
2015-02-18,0.0,0.00255
2015-02-19,0.0,0.00252
2015-02-20,1e-05,0.0025
2015-02-23,1e-05,0.00246
2015-02-24,1e-05,0.00245
2015-02-25,1e-05,0.00241
2015-02-26,-4e-05,0.00238
2015-02-27,-5e-05,0.00233
2015-03-02,-5e-05,0.0023
2015-03-03,-6e-05,0.00228
2015-03-04,-6e-05,0.00227
2015-03-05,-7e-05,0.00226
2015-03-06,-8e-05,0.00225
2015-03-09,-8e-05,0.00222
2015-03-10,-9e-05,0.00219
2015-03-11,-0.00011,0.00217
2015-03-12,-9e-05,0.00215
2015-03-13,-0.0001,0.00214
2015-03-16,-0.00011,0.00212
2015-03-17,-0.00012,0.00209
2015-03-18,-0.00011,0.00212
2015-03-19,-0.00011,0.00209
2015-03-20,-0.00014,0.00205
2015-03-23,-0.00012,0.00203
2015-03-24,-0.00012,0.00202
2015-03-25,-0.00012,0.00201
2015-03-26,-0.00012,0.00201
2015-03-27,-0.00012,0.00199
2015-03-30,-0.00014,0.00198
2015-03-31,-0.00015,0.00198
2015-04-01,-0.00017,0.00196
2015-04-02,-0.00019,0.00195
2015-04-07,-0.00021,0.00195
2015-04-08,-0.00021,0.00191
2015-04-09,-0.00022,0.0019
2015-04-10,-0.00022,0.00188
2015-04-13,-0.00024,0.00187
2015-04-14,-0.00025,0.00183
2015-04-15,-0.00029,0.0018
2015-04-16,-0.00032,0.00178
2015-04-17,-0.00033,0.00177
2015-04-20,-0.00032,0.00176
2015-04-21,-0.00034,0.00176
2015-04-22,-0.00034,0.00175
2015-04-23,-0.00034,0.00173
2015-04-24,-0.00034,0.00172
2015-04-27,-0.00034,0.00171
2015-04-28,-0.00034,0.00168
2015-04-29,-0.00038,0.00167
2015-04-30,-0.0004,0.00171
2015-05-04,-0.00042,0.0017
2015-05-05,-0.00043,0.00167
2015-05-06,-0.00043,0.00169
2015-05-07,-0.00043,0.00169
2015-05-08,-0.00044,0.00169
2015-05-11,-0.00045,0.00168
2015-05-12,-0.00048,0.00169
2015-05-13,-0.00048,0.00169
2015-05-14,-0.00049,0.00168
2015-05-15,-0.0005,0.00167
2015-05-18,-0.00051,0.00168
2015-05-19,-0.00052,0.00164
2015-05-20,-0.00052,0.00162
2015-05-21,-0.00052,0.00162
2015-05-22,-0.00052,0.00162
2015-05-25,-0.00053,0.00163
2015-05-26,-0.00054,0.00161
2015-05-27,-0.00054,0.0016
2015-05-28,-0.00058,0.00159
2015-05-29,-0.00059,0.0016
2015-06-01,-0.00057,0.00161
2015-06-02,-0.0006,0.00158
2015-06-03,-0.00061,0.0016
2015-06-04,-0.00062,0.00162
2015-06-05,-0.00063,0.00161
2015-06-08,-0.00063,0.00163
2015-06-09,-0.00063,0.00163
2015-06-10,-0.00063,0.00166
2015-06-11,-0.00062,0.00161
2015-06-12,-0.00064,0.00163
2015-06-15,-0.00064,0.00164
2015-06-16,-0.00064,0.00166
2015-06-17,-0.00064,0.00166
2015-06-18,-0.00063,0.00166
2015-06-19,-0.00064,0.00166
2015-06-22,-0.00065,0.00164
2015-06-23,-0.00066,0.00163
2015-06-24,-0.00066,0.00163
2015-06-25,-0.00066,0.00162
2015-06-26,-0.00066,0.00162
2015-06-29,-0.00064,0.00163
2015-06-30,-0.00064,0.00164
2015-07-01,-0.00064,0.00164
2015-07-02,-0.00066,0.00163
2015-07-03,-0.00067,0.00163
2015-07-06,-0.00068,0.00164
2015-07-07,-0.00069,0.00164
2015-07-08,-0.00071,0.00164
2015-07-09,-0.00071,0.00163
2015-07-10,-0.00071,0.00164
2015-07-13,-0.00071,0.00166
2015-07-14,-0.00071,0.00168
2015-07-15,-0.00072,0.00169
2015-07-16,-0.00071,0.00169
2015-07-17,-0.00072,0.0017
2015-07-20,-0.00073,0.00171
2015-07-21,-0.00073,0.0017
2015-07-22,-0.00073,0.00171
2015-07-23,-0.00073,0.00171
2015-07-24,-0.00074,0.0017
2015-07-27,-0.00074,0.00169
2015-07-28,-0.00073,0.00169
2015-07-29,-0.00074,0.00169
2015-07-30,-0.00074,0.00169
2015-07-31,-0.00075,0.00167
2015-08-03,-0.00078,0.00166
2015-08-04,-0.00079,0.00164
2015-08-05,-0.00079,0.00163
2015-08-06,-0.0008,0.00163
2015-08-07,-0.00081,0.00163
2015-08-10,-0.00082,0.00162
2015-08-11,-0.00082,0.00162
2015-08-12,-0.00083,0.00161
2015-08-13,-0.00084,0.00161
2015-08-14,-0.00085,0.00161
2015-08-17,-0.00088,0.00161
2015-08-18,-0.00089,0.00159
2015-08-19,-0.00089,0.0016
2015-08-20,-0.00091,0.00159
2015-08-21,-0.00092,0.0016
2015-08-24,-0.00094,0.0016
2015-08-25,-0.00096,0.00161
2015-08-26,-0.00098,0.0016
2015-08-27,-0.00099,0.0016
2015-08-28,-0.00098,0.00161
2015-08-31,-0.00098,0.0016
2015-09-01,-0.00099,0.00161
2015-09-02,-0.00102,0.0016
2015-09-03,-0.00103,0.00161
2015-09-04,-0.00104,0.00158
2015-09-07,-0.00104,0.00158
2015-09-08,-0.00104,0.00158
2015-09-09,-0.00104,0.00158
2015-09-10,-0.00103,0.00157
2015-09-11,-0.00104,0.00157
2015-09-14,-0.00104,0.00157
2015-09-15,-0.00104,0.00155
2015-09-16,-0.00103,0.00156
2015-09-17,-0.00103,0.00156
2015-09-18,-0.00102,0.00154
2015-09-21,-0.00104,0.00152
2015-09-22,-0.00103,0.0015
2015-09-23,-0.00107,0.00147
2015-09-24,-0.00109,0.00148
2015-09-25,-0.00111,0.00146
2015-09-28,-0.00111,0.00145
2015-09-29,-0.00113,0.00143
2015-09-30,-0.00113,0.00142
2015-10-01,-0.00113,0.0014
2015-10-02,-0.00113,0.00139
2015-10-05,-0.00113,0.00137
2015-10-06,-0.00112,0.00139
2015-10-07,-0.00113,0.0014
2015-10-08,-0.00114,0.00139
2015-10-09,-0.00113,0.00139
2015-10-12,-0.00113,0.00139
2015-10-13,-0.00113,0.00139
2015-10-14,-0.00113,0.00137
2015-10-15,-0.00114,0.00134
2015-10-16,-0.00116,0.00129
2015-10-19,-0.00117,0.00128
2015-10-20,-0.00117,0.00129
2015-10-21,-0.00118,0.0013
2015-10-22,-0.00118,0.00129
2015-10-23,-0.00119,0.00114
2015-10-26,-0.00119,0.0011
2015-10-27,-0.00119,0.00108
2015-10-28,-0.00119,0.00104
2015-10-29,-0.00119,0.00104
2015-10-30,-0.00119,0.00107
2015-11-02,-0.00119,0.00109
2015-11-03,-0.00121,0.00106
2015-11-04,-0.00122,0.00101
2015-11-05,-0.00123,0.00098
2015-11-06,-0.00124,0.00096
2015-11-09,-0.00125,0.00101
2015-11-10,-0.00129,0.00091
2015-11-11,-0.00132,0.00089
2015-11-12,-0.00136,0.00084
2015-11-13,-0.00137,0.00082
2015-11-16,-0.00139,0.00077
2015-11-17,-0.00144,0.00076
2015-11-18,-0.00146,0.00076
2015-11-19,-0.00149,0.00074
2015-11-20,-0.00151,0.00068
2015-11-23,-0.00155,0.00062
2015-11-24,-0.00157,0.00058
2015-11-25,-0.00156,0.0006
2015-11-26,-0.00161,0.00053
2015-11-27,-0.0016,0.00048
2015-11-30,-0.00161,0.00048
2015-12-01,-0.00161,0.00045
2015-12-02,-0.00164,0.00043
2015-12-03,-0.00171,0.00039
2015-12-04,-0.00171,0.00068
2015-12-07,-0.00175,0.00066
2015-12-08,-0.00178,0.00067
2015-12-09,-0.00181,0.00066
2015-12-10,-0.00186,0.00064
2015-12-11,-0.00189,0.00063
2015-12-14,-0.00191,0.0006
2015-12-15,-0.00194,0.0006
2015-12-16,-0.00196,0.00059
2015-12-17,-0.00198,0.00059
2015-12-18,-0.00199,0.00058
2015-12-21,-0.002,0.00061
2015-12-22,-0.00201,0.0006
2015-12-23,-0.00201,0.00061
2015-12-24,-0.00201,0.0006
2015-12-28,-0.00199,0.0006
2015-12-29,-0.00202,0.00058
2015-12-30,-0.00206,0.00059
2015-12-31,-0.00205,0.0006
2016-01-04,-0.0021,0.00058
2016-01-05,-0.00211,0.00059
2016-01-06,-0.00214,0.00056
2016-01-07,-0.00218,0.00051
2016-01-08,-0.00218,0.00051
2016-01-11,-0.00219,0.0005
2016-01-12,-0.0022,0.00048
2016-01-13,-0.0022,0.00049
2016-01-14,-0.00221,0.00048
2016-01-15,-0.00221,0.00049
2016-01-18,-0.00222,0.00049
2016-01-19,-0.00222,0.00048
2016-01-20,-0.00225,0.00045
2016-01-21,-0.0023,0.00042
2016-01-22,-0.00231,0.00032
2016-01-25,-0.00231,0.00028
2016-01-26,-0.00231,0.00025
2016-01-27,-0.00231,0.00022
2016-01-28,-0.00229,0.00022
2016-01-29,-0.00229,0.00015
2016-02-01,-0.00232,0.0001
2016-02-02,-0.00231,9e-05
2016-02-03,-0.00232,8e-05
2016-02-04,-0.00234,2e-05
2016-02-05,-0.00234,-2e-05
2016-02-08,-0.00235,-5e-05
2016-02-09,-0.00237,-4e-05
2016-02-10,-0.00238,-1e-05
2016-02-11,-0.00239,-6e-05
2016-02-12,-0.0024,-9e-05
2016-02-15,-0.00241,-8e-05
2016-02-16,-0.00245,-0.00012
2016-02-17,-0.00249,-0.00011
2016-02-18,-0.00253,-0.00014
2016-02-19,-0.00255,-0.00017
2016-02-22,-0.00258,-0.00018
2016-02-23,-0.00261,-0.00016
2016-02-24,-0.00262,-0.00015
2016-02-25,-0.00262,-0.00015
2016-02-26,-0.00264,-0.00017
2016-02-29,-0.00265,-0.00024
2016-03-01,-0.0027,-0.00026
2016-03-02,-0.00273,-0.00024
2016-03-03,-0.00276,-0.00025
2016-03-04,-0.00281,-0.00028
2016-03-07,-0.00285,-0.00024
2016-03-08,-0.00287,-0.00025
2016-03-09,-0.00291,-0.00023
2016-03-10,-0.00295,-0.00025
2016-03-11,-0.00301,-9e-05
2016-03-14,-0.00311,-8e-05
2016-03-15,-0.00313,-6e-05
2016-03-16,-0.00317,-4e-05
2016-03-17,-0.00322,-3e-05
2016-03-18,-0.00324,-3e-05
2016-03-21,-0.00326,-2e-05
2016-03-22,-0.00328,-2e-05
2016-03-23,-0.0033,-3e-05
2016-03-24,-0.00331,-5e-05
2016-03-29,-0.00332,-6e-05
2016-03-30,-0.00332,-4e-05
2016-03-31,-0.00334,-5e-05
2016-04-01,-0.00335,-2e-05
2016-04-04,-0.00339,-1e-05
2016-04-05,-0.00339,-4e-05
2016-04-06,-0.00339,-5e-05
2016-04-07,-0.00339,-7e-05
2016-04-08,-0.00339,-0.0001
2016-04-11,-0.0034,-0.00011
2016-04-12,-0.00342,-0.00012
2016-04-13,-0.00342,-0.00013
2016-04-14,-0.00342,-0.00011
2016-04-15,-0.00342,-0.00011
2016-04-18,-0.00342,-0.00012
2016-04-19,-0.00343,-0.00011
2016-04-20,-0.00342,-0.00011
2016-04-21,-0.00342,-0.00011
2016-04-22,-0.00342,-0.00011
2016-04-25,-0.00343,-0.00013
2016-04-26,-0.00343,-0.00014
2016-04-27,-0.00343,-0.00011
2016-04-28,-0.00343,-0.00012
2016-04-29,-0.00344,-0.00012
2016-05-02,-0.00343,-0.00012
2016-05-03,-0.00343,-0.00012
2016-05-04,-0.00345,-0.00012
2016-05-05,-0.00346,-0.00013
2016-05-06,-0.00348,-0.00013
2016-05-09,-0.00349,-0.00014
2016-05-10,-0.00349,-0.00013
2016-05-11,-0.0035,-0.00012
2016-05-12,-0.00349,-0.00012
2016-05-13,-0.00349,-0.00012
2016-05-16,-0.00348,-0.00012
2016-05-17,-0.00348,-0.00011
2016-05-18,-0.00348,-0.00011
2016-05-19,-0.00349,-0.00011
2016-05-20,-0.00349,-0.00011
2016-05-23,-0.00349,-0.00012
2016-05-24,-0.00351,-0.00012
2016-05-25,-0.00349,-0.00013
2016-05-26,-0.00348,-0.00014
2016-05-27,-0.00349,-0.00015
2016-05-30,-0.00348,-0.00015
2016-05-31,-0.00349,-0.00015
2016-06-01,-0.00349,-0.00018
2016-06-02,-0.0035,-0.00017
2016-06-03,-0.00351,-0.00016
2016-06-06,-0.00352,-0.00018
2016-06-07,-0.00352,-0.00018
2016-06-08,-0.00352,-0.00018
2016-06-09,-0.00351,-0.00018
2016-06-10,-0.00353,-0.00018
2016-06-13,-0.00353,-0.0002
2016-06-14,-0.00353,-0.00021
2016-06-15,-0.00353,-0.00021
2016-06-16,-0.00356,-0.00026
2016-06-17,-0.00356,-0.00026
2016-06-20,-0.00358,-0.00028
2016-06-21,-0.00358,-0.00029
2016-06-22,-0.00358,-0.00029
2016-06-23,-0.00358,-0.00029
2016-06-24,-0.00364,-0.00047
2016-06-27,-0.00364,-0.00048
2016-06-28,-0.00361,-0.00049
2016-06-29,-0.00364,-0.00051
2016-06-30,-0.00364,-0.00051
2016-07-01,-0.00363,-0.00052
2016-07-04,-0.00363,-0.00055
2016-07-05,-0.00363,-0.00059
2016-07-06,-0.00365,-0.00062
2016-07-07,-0.00366,-0.00063
2016-07-08,-0.00367,-0.00059
2016-07-11,-0.00367,-0.00063
2016-07-12,-0.00369,-0.00061
2016-07-13,-0.00371,-0.00061
2016-07-14,-0.00371,-0.00061
2016-07-15,-0.00371,-0.00057
2016-07-18,-0.00371,-0.00061
2016-07-19,-0.00371,-0.00059
2016-07-20,-0.00371,-0.00056
2016-07-21,-0.0037,-0.00054
2016-07-22,-0.00371,-0.0005
2016-07-25,-0.00371,-0.00049
2016-07-26,-0.00371,-0.00048
2016-07-27,-0.00371,-0.00049
2016-07-28,-0.00371,-0.00049
2016-07-29,-0.00371,-0.00049
2016-08-01,-0.00371,-0.00048
2016-08-02,-0.00371,-0.00048
2016-08-03,-0.00371,-0.00047
2016-08-04,-0.0037,-0.00045
2016-08-05,-0.0037,-0.00047
2016-08-08,-0.00369,-0.00046
2016-08-09,-0.00369,-0.00047
2016-08-10,-0.00369,-0.00048
2016-08-11,-0.00369,-0.00049
2016-08-12,-0.00368,-0.00049
2016-08-15,-0.00369,-0.0005
2016-08-16,-0.00369,-0.0005
2016-08-17,-0.00369,-0.00049
2016-08-18,-0.00369,-0.00048
2016-08-19,-0.00369,-0.00047
2016-08-22,-0.00369,-0.00046
2016-08-23,-0.00369,-0.00047
2016-08-24,-0.00368,-0.00048
2016-08-25,-0.0037,-0.00049
2016-08-26,-0.00371,-0.0005
2016-08-29,-0.00371,-0.0005
2016-08-30,-0.00371,-0.00051
2016-08-31,-0.00372,-0.00052
2016-09-01,-0.00372,-0.00051
2016-09-02,-0.00373,-0.00052
2016-09-05,-0.00373,-0.00052
2016-09-06,-0.00372,-0.00054
2016-09-07,-0.00372,-0.00059
2016-09-08,-0.00373,-0.0006
2016-09-09,-0.00369,-0.00057
2016-09-12,-0.00371,-0.00057
2016-09-13,-0.00372,-0.00055
2016-09-14,-0.00372,-0.00054
2016-09-15,-0.00371,-0.00053
2016-09-16,-0.00371,-0.00054
2016-09-19,-0.00371,-0.00056
2016-09-20,-0.00371,-0.00057
2016-09-21,-0.00371,-0.00058
2016-09-22,-0.00371,-0.00059
2016-09-23,-0.0037,-0.00059
2016-09-26,-0.00371,-0.0006
2016-09-27,-0.00371,-0.0006
2016-09-28,-0.00371,-0.00061
2016-09-29,-0.00371,-0.00064
2016-09-30,-0.00371,-0.00064
2016-10-03,-0.00371,-0.00064
2016-10-04,-0.00372,-0.00064
2016-10-05,-0.00371,-0.00064
2016-10-06,-0.00371,-0.00064
2016-10-07,-0.00371,-0.00063
2016-10-10,-0.00371,-0.00064
2016-10-11,-0.00371,-0.00066
2016-10-12,-0.00371,-0.00069
2016-10-13,-0.00372,-0.00071
2016-10-14,-0.00371,-0.00072
2016-10-17,-0.00371,-0.00071
2016-10-18,-0.00371,-0.00073
2016-10-19,-0.00371,-0.00073
2016-10-20,-0.00372,-0.00073
2016-10-21,-0.00372,-0.00074
2016-10-24,-0.00371,-0.0007
2016-10-25,-0.00371,-0.00071
2016-10-26,-0.00372,-0.0007
2016-10-27,-0.00372,-0.0007
2016-10-28,-0.00373,-0.00069
2016-10-31,-0.00372,-0.00069
2016-11-01,-0.00374,-0.00069
2016-11-02,-0.00373,-0.00071
2016-11-03,-0.00373,-0.00071
2016-11-04,-0.00373,-0.00071
2016-11-07,-0.00373,-0.0007
2016-11-08,-0.00374,-0.0007
2016-11-09,-0.00373,-0.0007
2016-11-10,-0.00373,-0.00071
2016-11-11,-0.00374,-0.00069
2016-11-14,-0.00373,-0.0007
2016-11-15,-0.00371,-0.00071
2016-11-16,-0.00371,-0.00073
2016-11-17,-0.00372,-0.00075
2016-11-18,-0.00373,-0.00077
2016-11-21,-0.00371,-0.00078
2016-11-22,-0.00373,-0.00079
2016-11-23,-0.00373,-0.00078
2016-11-24,-0.00373,-0.00079
2016-11-25,-0.00373,-0.00079
2016-11-28,-0.00374,-0.00079
2016-11-29,-0.00372,-0.00079
2016-11-30,-0.00372,-0.0008
2016-12-01,-0.00372,-0.00079
2016-12-02,-0.00371,-0.00076
2016-12-05,-0.00373,-0.00078
2016-12-06,-0.00372,-0.00079
2016-12-07,-0.00372,-0.00078
2016-12-08,-0.00372,-0.00078
2016-12-09,-0.00371,-0.00081
2016-12-12,-0.00371,-0.00081
2016-12-13,-0.00371,-0.00081
2016-12-14,-0.00371,-0.00082
2016-12-15,-0.0037,-0.00081
2016-12-16,-0.00372,-0.00081
2016-12-19,-0.00371,-0.00081
2016-12-20,-0.00371,-0.00081
2016-12-21,-0.00369,-0.00082
2016-12-22,-0.00369,-0.00082
2016-12-23,-0.00369,-0.00082
2016-12-27,-0.00369,-0.00081
2016-12-28,-0.00366,-0.00082
2016-12-29,-0.00368,-0.00081
2016-12-30,-0.00368,-0.00082
2017-01-02,-0.00368,-0.00083
2017-01-03,-0.0037,-0.00084
2017-01-04,-0.00369,-0.00085
2017-01-05,-0.00369,-0.00085
2017-01-06,-0.00369,-0.00087
2017-01-09,-0.00371,-0.00088
2017-01-10,-0.00372,-0.0009
2017-01-11,-0.00372,-0.00091
2017-01-12,-0.00372,-0.00093
2017-01-13,-0.00372,-0.00094
2017-01-16,-0.00372,-0.00095
2017-01-17,-0.00372,-0.00098
2017-01-18,-0.00372,-0.00099
2017-01-19,-0.00372,-0.001
2017-01-20,-0.00372,-0.001
2017-01-23,-0.00372,-0.00101
2017-01-24,-0.00372,-0.00101
2017-01-25,-0.00372,-0.00101
2017-01-26,-0.00372,-0.00102
2017-01-27,-0.00372,-0.00101
2017-01-30,-0.00372,-0.001
2017-01-31,-0.00372,-0.00101
2017-02-01,-0.00372,-0.00103
2017-02-02,-0.00373,-0.00102
2017-02-03,-0.00373,-0.00101
2017-02-06,-0.00373,-0.00101
2017-02-07,-0.00373,-0.00101
2017-02-08,-0.00373,-0.00101
2017-02-09,-0.00371,-0.00101
2017-02-10,-0.00371,-0.00101
2017-02-13,-0.00373,-0.00102
2017-02-14,-0.00374,-0.00104
2017-02-15,-0.00373,-0.00104
2017-02-16,-0.00372,-0.00106
2017-02-17,-0.00371,-0.00109
2017-02-20,-0.00369,-0.00109
2017-02-21,-0.0037,-0.00111
2017-02-22,-0.00371,-0.00111
2017-02-23,-0.00371,-0.00111
2017-02-24,-0.00371,-0.00113
2017-02-27,-0.00371,-0.00113
2017-02-28,-0.00371,-0.00114
2017-03-01,-0.00372,-0.00114
2017-03-02,-0.00372,-0.00114
2017-03-03,-0.00371,-0.00113
2017-03-06,-0.00374,-0.00111
2017-03-07,-0.00373,-0.00111
2017-03-08,-0.00373,-0.00111
2017-03-09,-0.00372,-0.00111
2017-03-10,-0.00372,-0.00109
2017-03-13,-0.00372,-0.00108
2017-03-14,-0.00372,-0.00108
2017-03-15,-0.00371,-0.0011
2017-03-16,-0.00371,-0.00111
2017-03-17,-0.00371,-0.00109
2017-03-20,-0.00371,-0.00109
2017-03-21,-0.00374,-0.00106
2017-03-22,-0.00373,-0.00106
2017-03-23,-0.00373,-0.00107
2017-03-24,-0.00372,-0.00107
2017-03-27,-0.00374,-0.00109
2017-03-28,-0.00373,-0.0011
2017-03-29,-0.00373,-0.00109
2017-03-30,-0.00373,-0.00109
2017-03-31,-0.00373,-0.00109
2017-04-03,-0.00372,-0.00111
2017-04-04,-0.00372,-0.00111
2017-04-05,-0.00373,-0.00114
2017-04-06,-0.00372,-0.00115
2017-04-07,-0.00373,-0.00116
2017-04-10,-0.00374,-0.00118
2017-04-11,-0.00375,-0.00119
2017-04-12,-0.00374,-0.0012
2017-04-13,-0.00372,-0.0012
2017-04-18,-0.00371,-0.00122
2017-04-19,-0.00371,-0.00123
2017-04-20,-0.00372,-0.00124
2017-04-21,-0.00371,-0.00124
2017-04-24,-0.00371,-0.00121
2017-04-25,-0.00371,-0.00121
2017-04-26,-0.00373,-0.00121
2017-04-27,-0.00373,-0.00121
2017-04-28,-0.00374,-0.00121
2017-05-02,-0.00374,-0.00121
2017-05-03,-0.00373,-0.00125
2017-05-04,-0.00374,-0.00126
2017-05-05,-0.00374,-0.00124
2017-05-08,-0.00374,-0.00124
2017-05-09,-0.00374,-0.00123
2017-05-10,-0.00374,-0.00124
2017-05-11,-0.00374,-0.00124
2017-05-12,-0.00373,-0.00127
2017-05-15,-0.00374,-0.00127
2017-05-16,-0.00371,-0.00128
2017-05-17,-0.00371,-0.00129
2017-05-18,-0.00371,-0.00129
2017-05-19,-0.00374,-0.00129
2017-05-22,-0.00374,-0.00129
2017-05-23,-0.00374,-0.00129
2017-05-24,-0.00373,-0.00129
2017-05-25,-0.00374,-0.00129
2017-05-26,-0.00371,-0.0013
2017-05-29,-0.00372,-0.00131
2017-05-30,-0.00373,-0.00131
2017-05-31,-0.00374,-0.00131
2017-06-01,-0.00374,-0.00131
2017-06-02,-0.00372,-0.00131
2017-06-05,-0.00371,-0.00131
2017-06-06,-0.00371,-0.00133
2017-06-07,-0.00371,-0.00134
2017-06-08,-0.00374,-0.00134
2017-06-09,-0.00374,-0.0014
2017-06-12,-0.00374,-0.00147
2017-06-13,-0.00373,-0.00149
2017-06-14,-0.00373,-0.00152
2017-06-15,-0.00372,-0.00152
2017-06-16,-0.00373,-0.00154
2017-06-19,-0.00374,-0.00156
2017-06-20,-0.00372,-0.00159
2017-06-21,-0.00373,-0.00161
2017-06-22,-0.00372,-0.00161
2017-06-23,-0.00374,-0.00163
2017-06-26,-0.00374,-0.00161
2017-06-27,-0.00373,-0.00161
2017-06-28,-0.00372,-0.00158
2017-06-29,-0.00373,-0.00156
2017-06-30,-0.00373,-0.00156
2017-07-03,-0.00373,-0.00157
2017-07-04,-0.00373,-0.00159
2017-07-05,-0.00373,-0.0016
2017-07-06,-0.00373,-0.00161
2017-07-07,-0.00372,-0.00161
2017-07-10,-0.00374,-0.00156
2017-07-11,-0.00374,-0.00155
2017-07-12,-0.00374,-0.00154
2017-07-13,-0.00373,-0.00151
2017-07-14,-0.00373,-0.00151
2017-07-17,-0.00373,-0.00151
2017-07-18,-0.00374,-0.00151
2017-07-19,-0.00373,-0.00151
2017-07-20,-0.00374,-0.00151
2017-07-21,-0.00374,-0.00152
2017-07-24,-0.00374,-0.00153
2017-07-25,-0.00371,-0.00153
2017-07-26,-0.00372,-0.00153
2017-07-27,-0.00371,-0.00153
2017-07-28,-0.00371,-0.00152
2017-07-31,-0.0037,-0.00151
2017-08-01,-0.00371,-0.00151
2017-08-02,-0.00373,-0.00153
2017-08-03,-0.00372,-0.00152
2017-08-04,-0.00372,-0.00151
2017-08-07,-0.00374,-0.00152
2017-08-08,-0.00374,-0.00152
2017-08-09,-0.00374,-0.00153
2017-08-10,-0.00373,-0.00154
2017-08-11,-0.00372,-0.00156
2017-08-14,-0.00372,-0.00158
2017-08-15,-0.00371,-0.00157
2017-08-16,-0.00371,-0.00157
2017-08-17,-0.00371,-0.00158
2017-08-18,-0.00371,-0.00158
2017-08-21,-0.00371,-0.00158
2017-08-22,-0.00371,-0.00158
2017-08-23,-0.00371,-0.00159
2017-08-24,-0.00371,-0.00159
2017-08-25,-0.00371,-0.00159
2017-08-28,-0.00372,-0.00159
2017-08-29,-0.00372,-0.0016
2017-08-30,-0.00372,-0.00161
2017-08-31,-0.00373,-0.00161
2017-09-01,-0.00373,-0.00161
2017-09-04,-0.00372,-0.00161
2017-09-05,-0.00372,-0.00161
2017-09-06,-0.00371,-0.00163
2017-09-07,-0.00372,-0.00162
2017-09-08,-0.00372,-0.00166
2017-09-11,-0.00373,-0.00168
2017-09-12,-0.00372,-0.00169
2017-09-13,-0.00373,-0.00169
2017-09-14,-0.00371,-0.00171
2017-09-15,-0.00371,-0.00171
2017-09-18,-0.00373,-0.00171
2017-09-19,-0.00373,-0.00171
2017-09-20,-0.00373,-0.00171
2017-09-21,-0.00373,-0.00171
2017-09-22,-0.00372,-0.00171
2017-09-25,-0.00371,-0.00171
2017-09-26,-0.00371,-0.00171
2017-09-27,-0.00372,-0.00171
2017-09-28,-0.00372,-0.00172
2017-09-29,-0.00372,-0.00172
2017-10-02,-0.00373,-0.00172
2017-10-03,-0.00373,-0.00171
2017-10-04,-0.00373,-0.00168
2017-10-05,-0.00372,-0.00171
2017-10-06,-0.00373,-0.00173
2017-10-09,-0.00373,-0.00176
2017-10-10,-0.00371,-0.00181
2017-10-11,-0.00372,-0.00181
2017-10-12,-0.00372,-0.00181
2017-10-13,-0.00371,-0.00181
2017-10-16,-0.00371,-0.00182
2017-10-17,-0.00373,-0.00183
2017-10-18,-0.00373,-0.00183
2017-10-19,-0.00373,-0.00183
2017-10-20,-0.00373,-0.00183
2017-10-23,-0.00373,-0.00183
2017-10-24,-0.00372,-0.00183
2017-10-25,-0.00373,-0.00183
2017-10-26,-0.00371,-0.00183
2017-10-27,-0.00372,-0.00184
2017-10-30,-0.00372,-0.00185
2017-10-31,-0.00372,-0.00185
2017-11-01,-0.00371,-0.00187
2017-11-02,-0.00372,-0.00189
2017-11-03,-0.00372,-0.00191
2017-11-06,-0.00371,-0.00191
2017-11-07,-0.00372,-0.0019
2017-11-08,-0.00372,-0.00191
2017-11-09,-0.00371,-0.00191
2017-11-10,-0.00371,-0.00191
2017-11-13,-0.00371,-0.00191
2017-11-14,-0.00372,-0.00191
2017-11-15,-0.00372,-0.00192
2017-11-16,-0.00372,-0.00192
2017-11-17,-0.00373,-0.00192
2017-11-20,-0.00372,-0.00187
2017-11-21,-0.00372,-0.00186
2017-11-22,-0.00371,-0.00186
2017-11-23,-0.00372,-0.00186
2017-11-24,-0.00372,-0.00186
2017-11-27,-0.00372,-0.00186
2017-11-28,-0.00371,-0.00186
2017-11-29,-0.00371,-0.00187
2017-11-30,-0.00371,-0.00188
2017-12-01,-0.00369,-0.00188
2017-12-04,-0.00368,-0.0019
2017-12-05,-0.00367,-0.00191
2017-12-06,-0.00367,-0.00191
2017-12-07,-0.00366,-0.0019
2017-12-08,-0.00369,-0.00191
2017-12-11,-0.00369,-0.00191
2017-12-12,-0.00369,-0.00191
2017-12-13,-0.00371,-0.00191
2017-12-14,-0.00371,-0.00192
2017-12-15,-0.00371,-0.00193
2017-12-18,-0.0037,-0.00194
2017-12-19,-0.0037,-0.00194
2017-12-20,-0.0037,-0.00188
2017-12-21,-0.00369,-0.00186
2017-12-22,-0.00367,-0.00186
2017-12-27,-0.00368,-0.00186
2017-12-28,-0.00367,-0.00186
2017-12-29,-0.00368,-0.00186
2018-01-02,-0.00368,-0.00186
2018-01-03,-0.00368,-0.00187
2018-01-04,-0.00368,-0.00187
2018-01-05,-0.00369,-0.00187
2018-01-08,-0.00368,-0.00187
2018-01-09,-0.00369,-0.00187
2018-01-10,-0.00369,-0.00186
2018-01-11,-0.00369,-0.00188
2018-01-12,-0.00369,-0.00186
2018-01-15,-0.00369,-0.00187
2018-01-16,-0.00369,-0.00186
2018-01-17,-0.00369,-0.00186
2018-01-18,-0.00369,-0.00191
2018-01-19,-0.00369,-0.00191
2018-01-22,-0.00369,-0.00191
2018-01-23,-0.00369,-0.00191
2018-01-24,-0.00369,-0.00192
2018-01-25,-0.00369,-0.00191
2018-01-26,-0.00369,-0.00191
2018-01-29,-0.00369,-0.00191
2018-01-30,-0.00369,-0.00191
2018-01-31,-0.00369,-0.00191
2018-02-01,-0.00369,-0.00191
2018-02-02,-0.00371,-0.00191
2018-02-05,-0.00369,-0.00191
2018-02-06,-0.00369,-0.00191
2018-02-07,-0.00369,-0.00191
2018-02-08,-0.00369,-0.00191
2018-02-09,-0.0037,-0.00191
2018-02-12,-0.00369,-0.00191
2018-02-13,-0.00369,-0.00191
2018-02-14,-0.00369,-0.00192
2018-02-15,-0.00369,-0.00191
2018-02-16,-0.00369,-0.00192
2018-02-19,-0.00369,-0.00193
2018-02-20,-0.0037,-0.00193
2018-02-21,-0.0037,-0.00191
2018-02-22,-0.0037,-0.00191
2018-02-23,-0.0037,-0.00191
2018-02-26,-0.00371,-0.0019
2018-02-27,-0.00371,-0.00191
2018-02-28,-0.0037,-0.00191
2018-03-01,-0.00371,-0.00191
2018-03-02,-0.0037,-0.00191
2018-03-05,-0.0037,-0.00191
2018-03-06,-0.00371,-0.00191
2018-03-07,-0.00371,-0.00191
2018-03-08,-0.00371,-0.00191
2018-03-09,-0.00371,-0.00191
2018-03-12,-0.0037,-0.00191
2018-03-13,-0.00371,-0.00191
2018-03-14,-0.00371,-0.00191
2018-03-15,-0.00371,-0.00191
2018-03-16,-0.0037,-0.00192
2018-03-19,-0.0037,-0.00192
2018-03-20,-0.0037,-0.00191
2018-03-21,-0.0037,-0.00191
2018-03-22,-0.00371,-0.00191
2018-03-23,-0.0037,-0.0019
2018-03-26,-0.0037,-0.00191
2018-03-27,-0.00371,-0.00191
2018-03-28,-0.00371,-0.00191
2018-03-29,-0.00372,-0.0019
2018-04-03,-0.00372,-0.0019
2018-04-04,-0.00372,-0.0019
2018-04-05,-0.00372,-0.00191
2018-04-06,-0.00372,-0.00191
2018-04-09,-0.00372,-0.00191
2018-04-10,-0.00372,-0.00191
2018-04-11,-0.00372,-0.0019
2018-04-12,-0.00371,-0.00191
2018-04-13,-0.00371,-0.0019
2018-04-16,-0.00371,-0.00189
2018-04-17,-0.00371,-0.00189
2018-04-18,-0.00371,-0.00189
2018-04-19,-0.00372,-0.00189
2018-04-20,-0.00372,-0.00189
2018-04-23,-0.00372,-0.00189
2018-04-24,-0.00372,-0.00189
2018-04-25,-0.00371,-0.00189
2018-04-26,-0.00372,-0.00189
2018-04-27,-0.00372,-0.00189
2018-04-30,-0.00371,-0.00189
2018-05-02,-0.00371,-0.00189
2018-05-03,-0.00372,-0.00189
2018-05-04,-0.00372,-0.0019
2018-05-07,-0.00372,-0.00189
2018-05-08,-0.00372,-0.00189
2018-05-09,-0.00371,-0.00189
2018-05-10,-0.00371,-0.00189
2018-05-11,-0.00371,-0.00189
2018-05-14,-0.00371,-0.0019
2018-05-15,-0.00369,-0.00188
2018-05-16,-0.00371,-0.00188
2018-05-17,-0.00371,-0.00188
2018-05-18,-0.00371,-0.00189
2018-05-21,-0.0037,-0.00187
2018-05-22,-0.00371,-0.00189
2018-05-23,-0.00371,-0.00189
2018-05-24,-0.00371,-0.00187
2018-05-25,-0.00369,-0.00188
2018-05-28,-0.00371,-0.00186
2018-05-29,-0.00371,-0.00186
2018-05-30,-0.0037,-0.00184
2018-05-31,-0.00369,-0.00184
2018-06-01,-0.00371,-0.00184
2018-06-04,-0.00371,-0.00184
2018-06-05,-0.00371,-0.00182
2018-06-06,-0.00371,-0.0018
2018-06-07,-0.00371,-0.0018
2018-06-08,-0.00371,-0.0018
2018-06-11,-0.00369,-0.00181
2018-06-12,-0.00371,-0.00181
2018-06-13,-0.0037,-0.00181
2018-06-14,-0.00369,-0.00181
2018-06-15,-0.0037,-0.00183
2018-06-18,-0.0037,-0.00184
2018-06-19,-0.0037,-0.00181
2018-06-20,-0.0037,-0.00182
2018-06-21,-0.0037,-0.00182
2018-06-22,-0.0037,-0.0018
2018-06-25,-0.00371,-0.00181
2018-06-26,-0.0037,-0.00181
2018-06-27,-0.0037,-0.00181
2018-06-28,-0.00371,-0.00181
2018-06-29,-0.0037,-0.00181
2018-07-02,-0.00369,-0.00181
2018-07-03,-0.00372,-0.00181
2018-07-04,-0.00372,-0.00181
2018-07-05,-0.00372,-0.00181
2018-07-06,-0.00371,-0.00181
2018-07-09,-0.00371,-0.00181
2018-07-10,-0.0037,-0.0018
2018-07-11,-0.00369,-0.00179
2018-07-12,-0.0037,-0.00179
2018-07-13,-0.00369,-0.00179
2018-07-16,-0.00369,-0.00179
2018-07-17,-0.00369,-0.00179
2018-07-18,-0.00369,-0.00179
2018-07-19,-0.00369,-0.00179
2018-07-20,-0.00369,-0.00179
2018-07-23,-0.00369,-0.00179
2018-07-24,-0.00369,-0.00179
2018-07-25,-0.00369,-0.00179
2018-07-26,-0.00369,-0.00179
2018-07-27,-0.00369,-0.00179
2018-07-30,-0.00369,-0.00179
2018-07-31,-0.00369,-0.00178
2018-08-01,-0.00369,-0.00177
2018-08-02,-0.00369,-0.00176
2018-08-03,-0.00369,-0.00176
2018-08-06,-0.00369,-0.00176
2018-08-07,-0.00369,-0.00176
2018-08-08,-0.00369,-0.00176
2018-08-09,-0.00369,-0.00173
2018-08-10,-0.00369,-0.00169
2018-08-13,-0.0037,-0.00166
2018-08-14,-0.0037,-0.00166
2018-08-15,-0.00368,-0.00166
2018-08-16,-0.00369,-0.00166
2018-08-17,-0.0037,-0.00167
2018-08-20,-0.00369,-0.00167
2018-08-21,-0.00371,-0.00167
2018-08-22,-0.00371,-0.00167
2018-08-23,-0.00371,-0.00167
2018-08-24,-0.00369,-0.00166
2018-08-27,-0.0037,-0.00166
2018-08-28,-0.00371,-0.00166
2018-08-29,-0.0037,-0.00165
2018-08-30,-0.0037,-0.00166
2018-08-31,-0.00369,-0.00166
2018-09-03,-0.0037,-0.00166
2018-09-04,-0.00369,-0.00166
2018-09-05,-0.00369,-0.00167
2018-09-06,-0.00371,-0.00167
2018-09-07,-0.00372,-0.00167
2018-09-10,-0.00371,-0.00167
2018-09-11,-0.00372,-0.00166
2018-09-12,-0.00371,-0.00166
2018-09-13,-0.00372,-0.00168
2018-09-14,-0.00371,-0.00168
2018-09-17,-0.00372,-0.00169
2018-09-18,-0.00372,-0.00168
2018-09-19,-0.00371,-0.00167
2018-09-20,-0.00372,-0.00168
2018-09-21,-0.00371,-0.00168
2018-09-24,-0.00372,-0.00167
2018-09-25,-0.0037,-0.00165
2018-09-26,-0.00369,-0.00164
2018-09-27,-0.00371,-0.00161
2018-09-28,-0.00371,-0.00159
2018-10-01,-0.00371,-0.00158
2018-10-02,-0.00371,-0.00157
2018-10-03,-0.00371,-0.00157
2018-10-04,-0.00371,-0.00159
2018-10-05,-0.00371,-0.00158
2018-10-08,-0.00371,-0.00158
2018-10-09,-0.00371,-0.00156
2018-10-10,-0.00369,-0.00156
2018-10-11,-0.00369,-0.00156
2018-10-12,-0.00369,-0.00157
2018-10-15,-0.00369,-0.00156
2018-10-16,-0.00369,-0.00156
2018-10-17,-0.00369,-0.00156
2018-10-18,-0.00369,-0.00155
2018-10-19,-0.0037,-0.00154
2018-10-22,-0.00369,-0.00151
2018-10-23,-0.00369,-0.00149
2018-10-24,-0.0037,-0.00147
2018-10-25,-0.00369,-0.00147
2018-10-26,-0.00369,-0.00148
2018-10-29,-0.00369,-0.00149
2018-10-30,-0.00369,-0.00149
2018-10-31,-0.00369,-0.00149
2018-11-01,-0.00368,-0.00148
2018-11-02,-0.00368,-0.00148
2018-11-05,-0.00369,-0.00148
2018-11-06,-0.00369,-0.00149
2018-11-07,-0.00369,-0.00149
2018-11-08,-0.00369,-0.00148
2018-11-09,-0.00369,-0.00148
2018-11-12,-0.00369,-0.00148
2018-11-13,-0.00369,-0.00147
2018-11-14,-0.00369,-0.00147
2018-11-15,-0.00371,-0.00147
2018-11-16,-0.00369,-0.00147
2018-11-19,-0.00369,-0.00148
2018-11-20,-0.00369,-0.00148
2018-11-21,-0.00369,-0.00148
2018-11-22,-0.00369,-0.00148
2018-11-23,-0.00369,-0.00147
2018-11-26,-0.00368,-0.00146
2018-11-27,-0.00369,-0.00146
2018-11-28,-0.00368,-0.00146
2018-11-29,-0.00368,-0.00146
2018-11-30,-0.00368,-0.00146
2018-12-03,-0.00368,-0.00143
2018-12-04,-0.00367,-0.00142
2018-12-05,-0.00367,-0.00141
2018-12-06,-0.00368,-0.0014
2018-12-07,-0.00368,-0.00137
2018-12-10,-0.00368,-0.00134
2018-12-11,-0.00368,-0.00131
2018-12-12,-0.00368,-0.00131
2018-12-13,-0.00368,-0.00129
2018-12-14,-0.00368,-0.00128
2018-12-17,-0.00369,-0.00127
2018-12-18,-0.00369,-0.00125
2018-12-19,-0.00369,-0.00124
2018-12-20,-0.00367,-0.00121
2018-12-21,-0.00366,-0.00119
2018-12-24,-0.00365,-0.00118
2018-12-27,-0.00364,-0.00119
2018-12-28,-0.00364,-0.00119
2018-12-31,-0.00363,-0.00117
2019-01-02,-0.00362,-0.00121
2019-01-03,-0.00363,-0.00119
2019-01-04,-0.00363,-0.00119
2019-01-07,-0.00363,-0.00119
2019-01-08,-0.00363,-0.00118
2019-01-09,-0.00364,-0.00118
2019-01-10,-0.00364,-0.00118
2019-01-11,-0.00365,-0.00117
2019-01-14,-0.00368,-0.00118
2019-01-15,-0.00369,-0.00117
2019-01-16,-0.00369,-0.00117
2019-01-17,-0.00368,-0.00118
2019-01-18,-0.00368,-0.00116
2019-01-21,-0.00368,-0.00115
2019-01-22,-0.00368,-0.00115
2019-01-23,-0.00368,-0.00116
2019-01-24,-0.00367,-0.00115
2019-01-25,-0.00368,-0.00114
2019-01-28,-0.00368,-0.00112
2019-01-29,-0.00368,-0.00109
2019-01-30,-0.00368,-0.00109
2019-01-31,-0.00368,-0.00109
2019-02-01,-0.00369,-0.0011
2019-02-04,-0.00367,-0.00109
2019-02-05,-0.00368,-0.00109
2019-02-06,-0.00367,-0.00108
2019-02-07,-0.00369,-0.00108
2019-02-08,-0.00368,-0.00109
2019-02-11,-0.00368,-0.00109
2019-02-12,-0.00368,-0.0011
2019-02-13,-0.00367,-0.00108
2019-02-14,-0.00368,-0.00108
2019-02-15,-0.00368,-0.00108
2019-02-18,-0.00368,-0.00108
2019-02-19,-0.00367,-0.00108
2019-02-20,-0.00367,-0.00108
2019-02-21,-0.00368,-0.00108
2019-02-22,-0.00367,-0.00108
2019-02-25,-0.00366,-0.00108
2019-02-26,-0.00368,-0.00108
2019-02-27,-0.00368,-0.00108
2019-02-28,-0.00368,-0.00108
2019-03-01,-0.00368,-0.00108
2019-03-04,-0.00367,-0.00108
2019-03-05,-0.00367,-0.00108
2019-03-06,-0.00367,-0.00108
2019-03-07,-0.00367,-0.00108
2019-03-08,-0.00367,-0.00109
2019-03-11,-0.00368,-0.00108
2019-03-12,-0.00368,-0.00108
2019-03-13,-0.00368,-0.00109
2019-03-14,-0.00368,-0.00109
2019-03-15,-0.00368,-0.00109
2019-03-18,-0.00367,-0.00109
2019-03-19,-0.00367,-0.00109
2019-03-20,-0.00367,-0.00109
2019-03-21,-0.00367,-0.00108
2019-03-22,-0.00367,-0.00108
2019-03-25,-0.00368,-0.00108
2019-03-26,-0.00368,-0.00108
2019-03-27,-0.00368,-0.00109
2019-03-28,-0.00368,-0.00112
2019-03-29,-0.00367,-0.00112
2019-04-01,-0.00367,-0.00112
2019-04-02,-0.00367,-0.00112
2019-04-03,-0.00367,-0.00112
2019-04-04,-0.00367,-0.00112
2019-04-05,-0.00367,-0.00112
2019-04-08,-0.00367,-0.00112
2019-04-09,-0.00367,-0.00112
2019-04-10,-0.00367,-0.00112
2019-04-11,-0.00367,-0.00112
2019-04-12,-0.00367,-0.00112
2019-04-15,-0.00367,-0.00111
2019-04-16,-0.00367,-0.00112
2019-04-17,-0.00368,-0.00112
2019-04-18,-0.00368,-0.00112
2019-04-23,-0.00367,-0.00112
2019-04-24,-0.00368,-0.00112
2019-04-25,-0.00368,-0.00112
2019-04-26,-0.00367,-0.00113
2019-04-29,-0.00368,-0.00114
2019-04-30,-0.00367,-0.00114
2019-05-02,-0.00366,-0.00114
2019-05-03,-0.00365,-0.00114
2019-05-06,-0.00365,-0.00114
2019-05-07,-0.00367,-0.00115
2019-05-08,-0.00366,-0.00117
2019-05-09,-0.00366,-0.00118
2019-05-10,-0.00367,-0.00118
2019-05-13,-0.00366,-0.00118
2019-05-14,-0.00366,-0.00121
2019-05-15,-0.00366,-0.00125
2019-05-16,-0.00366,-0.00128
2019-05-17,-0.00368,-0.00133
2019-05-20,-0.00368,-0.00135
2019-05-21,-0.00371,-0.00145
2019-05-22,-0.00371,-0.00145
2019-05-23,-0.00368,-0.00148
2019-05-24,-0.00372,-0.00148
2019-05-27,-0.00372,-0.00148
2019-05-28,-0.00374,-0.00153
2019-05-29,-0.00374,-0.00158
2019-05-30,-0.00376,-0.00163
2019-05-31,-0.00378,-0.00168
2019-06-03,-0.00378,-0.00175
2019-06-04,-0.00379,-0.00177
2019-06-05,-0.00383,-0.00177
2019-06-06,-0.00383,-0.00183
2019-06-07,-0.00381,-0.00175
2019-06-10,-0.00377,-0.00178
2019-06-11,-0.00377,-0.00178
2019-06-12,-0.00377,-0.00173
2019-06-13,-0.00376,-0.00168
2019-06-14,-0.00378,-0.00171
2019-06-17,-0.00385,-0.00177
2019-06-18,-0.00388,-0.00184
2019-06-19,-0.00391,-0.00208
2019-06-20,-0.00396,-0.00211
2019-06-21,-0.00398,-0.00212
2019-06-24,-0.00393,-0.0021
2019-06-25,-0.00389,-0.0021
2019-06-26,-0.00388,-0.00211
2019-06-27,-0.00391,-0.00213
2019-06-28,-0.00388,-0.00214
2019-07-01,-0.00392,-0.00217
2019-07-02,-0.00386,-0.00233
2019-07-03,-0.0039,-0.00243
2019-07-04,-0.00393,-0.00258
2019-07-05,-0.00394,-0.00268
2019-07-08,-0.00393,-0.00258
2019-07-09,-0.00389,-0.00258
2019-07-10,-0.00389,-0.00253
2019-07-11,-0.00394,-0.00277
2019-07-12,-0.00393,-0.0028
2019-07-15,-0.00393,-0.00287
2019-07-16,-0.00395,-0.00286
2019-07-17,-0.00397,-0.00298
2019-07-18,-0.00399,-0.00303
2019-07-19,-0.00403,-0.00308
2019-07-22,-0.00406,-0.00307
2019-07-23,-0.00407,-0.00311
2019-07-24,-0.00401,-0.00321
2019-07-25,-0.00401,-0.00318
2019-07-26,-0.00395,-0.00314
2019-07-29,-0.00394,-0.00314
2019-07-30,-0.00392,-0.00301
2019-07-31,-0.00392,-0.00303
2019-08-01,-0.00393,-0.003
2019-08-02,-0.00392,-0.00304
2019-08-05,-0.00401,-0.00308
2019-08-06,-0.004,-0.00319
2019-08-07,-0.00401,-0.00322
2019-08-08,-0.00409,-0.00339
2019-08-09,-0.00403,-0.00343
2019-08-12,-0.00405,-0.00352
2019-08-13,-0.00413,-0.00357
2019-08-14,-0.00403,-0.0035
2019-08-15,-0.00404,-0.00353
2019-08-16,-0.00423,-0.00385
2019-08-19,-0.00409,-0.00398
2019-08-20,-0.00405,-0.00395
2019-08-21,-0.00409,-0.00399
2019-08-22,-0.00415,-0.00386
2019-08-23,-0.00413,-0.00358
2019-08-26,-0.00423,-0.00364
2019-08-27,-0.00416,-0.00369
2019-08-28,-0.00417,-0.00379
2019-08-29,-0.0043,-0.00375
2019-08-30,-0.00427,-0.00383
2019-09-02,-0.00427,-0.00384
2019-09-03,-0.00435,-0.00385
2019-09-04,-0.00441,-0.00379
2019-09-05,-0.00443,-0.00373
2019-09-06,-0.00452,-0.00358
2019-09-09,-0.00448,-0.0036
2019-09-10,-0.00455,-0.0037
2019-09-11,-0.00453,-0.00373
2019-09-12,-0.00455,-0.00373
2019-09-13,-0.00438,-0.00325
2019-09-16,-0.00449,-0.00309
2019-09-17,-0.00447,-0.00304
2019-09-18,-0.00438,-0.00306
2019-09-19,-0.0045,-0.00303
2019-09-20,-0.00454,-0.00298
2019-09-23,-0.0045,-0.00302
2019-09-24,-0.00449,-0.00316
2019-09-25,-0.00453,-0.00325
2019-09-26,-0.00457,-0.00324
2019-09-27,-0.00462,-0.00325
2019-09-30,-0.00457,-0.0033
2019-10-01,-0.00467,-0.0033
2019-10-02,-0.00468,-0.00323
2019-10-03,-0.00474,-0.00328
2019-10-04,-0.00474,-0.00336
2019-10-07,-0.00468,-0.00336
2019-10-08,-0.00463,-0.0033
2019-10-09,-0.00464,-0.00333
2019-10-10,-0.00466,-0.00326
2019-10-11,-0.00473,-0.00303
2019-10-14,-0.00468,-0.00301
2019-10-15,-0.00458,-0.00303
2019-10-16,-0.00458,-0.00299
2019-10-17,-0.00448,-0.00294
2019-10-18,-0.00438,-0.00298
2019-10-21,-0.00438,-0.00294
2019-10-22,-0.00444,-0.00284
2019-10-23,-0.00443,-0.00288
2019-10-24,-0.00447,-0.00288
2019-10-25,-0.00456,-0.00293
2019-10-28,-0.00441,-0.00281
2019-10-29,-0.00443,-0.0028
2019-10-30,-0.0044,-0.00276
2019-10-31,-0.00437,-0.00273
2019-11-01,-0.00443,-0.00281
2019-11-04,-0.00443,-0.00276
2019-11-05,-0.00438,-0.00278
2019-11-06,-0.00445,-0.00269
2019-11-07,-0.00449,-0.0027
2019-11-08,-0.00463,-0.00262
2019-11-11,-0.00453,-0.00263
2019-11-12,-0.00457,-0.00255
2019-11-13,-0.00463,-0.00261
2019-11-14,-0.00455,-0.00266
2019-11-15,-0.0045,-0.00269
2019-11-18,-0.00455,-0.00267
2019-11-19,-0.00456,-0.00271
2019-11-20,-0.0045,-0.00273
2019-11-21,-0.00459,-0.0028
2019-11-22,-0.00445,-0.00277
2019-11-25,-0.00451,-0.0028
2019-11-26,-0.00451,-0.00279
2019-11-27,-0.00448,-0.00278
2019-11-28,-0.00439,-0.00283
2019-11-29,-0.00437,-0.00273
2019-12-02,-0.00439,-0.0027
2019-12-03,-0.00448,-0.00263
2019-12-04,-0.0045,-0.00267
2019-12-05,-0.00453,-0.00269
2019-12-06,-0.00456,-0.00269
2019-12-09,-0.00451,-0.00277
2019-12-10,-0.00448,-0.00269
2019-12-11,-0.00456,-0.00272
2019-12-12,-0.00464,-0.00266
2019-12-13,-0.00467,-0.00263
2019-12-16,-0.00466,-0.00262
2019-12-17,-0.00465,-0.00263
2019-12-18,-0.00461,-0.00269
2019-12-19,-0.00453,-0.00262
2019-12-20,-0.00449,-0.00253
2019-12-23,-0.00451,-0.0025
2019-12-24,-0.00452,-0.00248
2019-12-27,-0.00444,-0.00247
2019-12-30,-0.00447,-0.0024
2019-12-31,-0.00438,-0.00249
2020-01-02,-0.00436,-0.00248
2020-01-03,-0.00443,-0.00238
2020-01-06,-0.0045,-0.00248
2020-01-07,-0.00452,-0.00248
2020-01-08,-0.00448,-0.00251
2020-01-09,-0.00456,-0.0026
2020-01-10,-0.00463,-0.00253
2020-01-13,-0.0046,-0.00246
2020-01-14,-0.0046,-0.00243
2020-01-15,-0.00458,-0.00252
2020-01-16,-0.00466,-0.00251
2020-01-17,-0.00462,-0.00242
2020-01-20,-0.00463,-0.00244
2020-01-21,-0.0047,-0.00243
2020-01-22,-0.00466,-0.00242
2020-01-23,-0.00467,-0.00247
2020-01-24,-0.00451,-0.00258
2020-01-27,-0.00453,-0.0026
2020-01-28,-0.00457,-0.0027
2020-01-29,-0.00458,-0.00269
2020-01-30,-0.00458,-0.00278
2020-01-31,-0.00454,-0.00284
2020-02-03,-0.00455,-0.0029
2020-02-04,-0.0046,-0.00288
2020-02-05,-0.00459,-0.00278
2020-02-06,-0.00459,-0.0027
2020-02-07,-0.00458,-0.00269
2020-02-10,-0.00471,-0.00269
2020-02-11,-0.00477,-0.00276
2020-02-12,-0.0047,-0.00288
2020-02-13,-0.0048,-0.00287
2020-02-14,-0.0048,-0.00293
2020-02-17,-0.0048,-0.00294
2020-02-18,-0.0048,-0.00292
2020-02-19,-0.00467,-0.00288
2020-02-20,-0.00483,-0.00294
2020-02-21,-0.00478,-0.00287
2020-02-24,-0.00477,-0.00284
2020-02-25,-0.00474,-0.00295
2020-02-26,-0.00479,-0.00306
2020-02-27,-0.00488,-0.00303
2020-02-28,-0.00488,-0.00311
2020-03-02,-0.00488,-0.00327
2020-03-03,-0.00508,-0.00362
2020-03-04,-0.00502,-0.00359
2020-03-05,-0.00513,-0.00362
2020-03-06,-0.00501,-0.00348
2020-03-09,-0.00496,-0.00352
2020-03-10,-0.00513,-0.00358
2020-03-11,-0.00503,-0.00339
2020-03-12,-0.0052,-0.00368
2020-03-13,-0.0048,-0.00287
2020-03-16,-0.00488,-0.00268
2020-03-17,-0.00495,-0.00263
2020-03-18,-0.00478,-0.00253
2020-03-19,-0.00474,-0.00221
2020-03-20,-0.0045,-0.00186
2020-03-23,-0.00445,-0.00191
2020-03-24,-0.00457,-0.00189
2020-03-25,-0.00458,-0.00176
2020-03-26,-0.00443,-0.00148
2020-03-27,-0.00438,-0.00153
2020-03-30,-0.00436,-0.00163
2020-03-31,-0.00423,-0.00171
2020-04-01,-0.00468,-0.00168
2020-04-02,-0.00454,-0.00153
2020-04-03,-0.00438,-0.00149
2020-04-06,-0.00431,-0.00134
2020-04-07,-0.00406,-0.00122
2020-04-08,-0.00379,-0.0009
2020-04-09,-0.00387,-0.00087
2020-04-14,-0.00404,-0.00105
2020-04-15,-0.00422,-0.0011
2020-04-16,-0.00438,-0.00098
2020-04-17,-0.00434,-0.00105
2020-04-20,-0.00433,-0.00091
2020-04-21,-0.00425,-0.00078
2020-04-22,-0.00418,-0.00053
2020-04-23,-0.00402,-0.00066
2020-04-24,-0.00418,-0.00083
2020-04-27,-0.00448,-0.00109
2020-04-28,-0.00432,-0.00114
2020-04-29,-0.00465,-0.00131
2020-04-30,-0.0046,-0.00118
2020-05-04,-0.00476,-0.00108
2020-05-05,-0.00469,-0.00108
2020-05-06,-0.00469,-0.00088
2020-05-07,-0.00445,-0.00078
2020-05-08,-0.00451,-0.00075
2020-05-11,-0.00446,-0.00085
2020-05-12,-0.00448,-0.00073
2020-05-13,-0.00454,-0.00068
2020-05-14,-0.00469,-0.00078
2020-05-15,-0.00467,-0.00078
2020-05-18,-0.00478,-0.00084
2020-05-19,-0.00454,-0.00075
2020-05-20,-0.00468,-0.00058
2020-05-21,-0.00475,-0.00078
2020-05-22,-0.00473,-0.00093
2020-05-25,-0.00465,-0.00083
2020-05-26,-0.00462,-0.00078
2020-05-27,-0.00475,-0.00076
2020-05-28,-0.00461,-0.00078
2020-05-29,-0.00482,-0.00085
2020-06-01,-0.00498,-0.00103
2020-06-02,-0.00478,-0.00107
2020-06-03,-0.00488,-0.00105
2020-06-04,-0.00472,-0.00112
2020-06-05,-0.00483,-0.0012
2020-06-08,-0.00481,-0.0012
2020-06-09,-0.00487,-0.00133
2020-06-10,-0.00478,-0.00118
2020-06-11,-0.00479,-0.00118
2020-06-12,-0.00482,-0.00124
2020-06-15,-0.00484,-0.00135
2020-06-16,-0.00481,-0.00135
2020-06-17,-0.00492,-0.0013
2020-06-18,-0.00503,-0.00147
2020-06-19,-0.00507,-0.00169
2020-06-22,-0.00509,-0.00179
2020-06-23,-0.00508,-0.00188
2020-06-24,-0.00508,-0.00184
2020-06-25,-0.00504,-0.00188
2020-06-26,-0.00504,-0.00199
2020-06-29,-0.00507,-0.00205
2020-06-30,-0.0051,-0.00225
2020-07-01,-0.00512,-0.00233
2020-07-02,-0.00509,-0.00237
2020-07-03,-0.00502,-0.00238
2020-07-06,-0.00508,-0.00243
2020-07-07,-0.00511,-0.00258
2020-07-08,-0.00507,-0.00263
2020-07-09,-0.00498,-0.00263
2020-07-10,-0.00503,-0.00284
2020-07-13,-0.00503,-0.0028
2020-07-14,-0.00508,-0.00271
2020-07-15,-0.00513,-0.00273
2020-07-16,-0.00501,-0.00282
2020-07-17,-0.00506,-0.0029
2020-07-20,-0.005,-0.00279
2020-07-21,-0.00501,-0.0028
2020-07-22,-0.0051,-0.00283
2020-07-23,-0.00515,-0.00286
2020-07-24,-0.00513,-0.00292
2020-07-27,-0.00516,-0.00288
2020-07-28,-0.00515,-0.00307
2020-07-29,-0.00523,-0.00323
2020-07-30,-0.00519,-0.00328
2020-07-31,-0.0051,-0.00333
2020-08-03,-0.00516,-0.00336
2020-08-04,-0.00521,-0.00338
2020-08-05,-0.00515,-0.00344
2020-08-06,-0.00512,-0.0034
2020-08-07,-0.0051,-0.0035
2020-08-10,-0.00519,-0.0035
2020-08-11,-0.00514,-0.00356
2020-08-12,-0.00511,-0.00353
2020-08-13,-0.00519,-0.00351
2020-08-14,-0.00519,-0.00353
2020-08-17,-0.00519,-0.00355
2020-08-18,-0.00517,-0.00365
2020-08-19,-0.00519,-0.00366
2020-08-20,-0.00523,-0.00372
2020-08-21,-0.00517,-0.00376
2020-08-24,-0.00518,-0.00377
2020-08-25,-0.00515,-0.00373
2020-08-26,-0.00515,-0.00366
2020-08-27,-0.0052,-0.00364
2020-08-28,-0.00523,-0.00369
2020-08-31,-0.00522,-0.00383
2020-09-01,-0.0051,-0.00373
2020-09-02,-0.00507,-0.00389
2020-09-03,-0.00512,-0.00394
2020-09-04,-0.00517,-0.00401
2020-09-07,-0.00513,-0.00401
2020-09-08,-0.00515,-0.00402
2020-09-09,-0.00519,-0.00408
2020-09-10,-0.00535,-0.00401
2020-09-11,-0.00516,-0.00395
2020-09-14,-0.00526,-0.00403
2020-09-15,-0.00523,-0.00415
2020-09-16,-0.00526,-0.00419
2020-09-17,-0.00529,-0.00423
2020-09-18,-0.00523,-0.00429
2020-09-21,-0.00533,-0.00433
2020-09-22,-0.00526,-0.00438
2020-09-23,-0.00531,-0.00431
2020-09-24,-0.00518,-0.00433
2020-09-25,-0.00523,-0.00433
2020-09-28,-0.00524,-0.00427
2020-09-29,-0.00523,-0.0043
2020-09-30,-0.00529,-0.00443
2020-10-01,-0.00526,-0.00442
2020-10-02,-0.00528,-0.00449
2020-10-05,-0.00534,-0.00458
2020-10-06,-0.0054,-0.0046
2020-10-07,-0.0054,-0.00463
2020-10-08,-0.00534,-0.00455
2020-10-09,-0.00526,-0.00463
2020-10-12,-0.00538,-0.00468
2020-10-13,-0.00535,-0.00467
2020-10-14,-0.00535,-0.00468
2020-10-15,-0.00539,-0.00472
2020-10-16,-0.00534,-0.00468
2020-10-19,-0.00538,-0.0047
2020-10-20,-0.00543,-0.00473
2020-10-21,-0.00539,-0.00471
2020-10-22,-0.00553,-0.00467
2020-10-23,-0.00539,-0.00464
2020-10-26,-0.00539,-0.00463
2020-10-27,-0.00543,-0.00465
2020-10-28,-0.00545,-0.00475
2020-10-29,-0.0055,-0.00482
2020-10-30,-0.00548,-0.00489
2020-11-02,-0.0054,-0.00486
2020-11-03,-0.0054,-0.00486
2020-11-04,-0.0055,-0.00486
2020-11-05,-0.00547,-0.00483
2020-11-06,-0.00533,-0.00483
2020-11-09,-0.00539,-0.00483
2020-11-10,-0.00527,-0.00472
2020-11-11,-0.00537,-0.00473
2020-11-12,-0.00542,-0.00468
2020-11-13,-0.00533,-0.00469
2020-11-16,-0.00537,-0.00476
2020-11-17,-0.00552,-0.00474
2020-11-18,-0.00546,-0.00483
2020-11-19,-0.00556,-0.00483
2020-11-20,-0.00543,-0.00483
2020-11-23,-0.00542,-0.00484
2020-11-24,-0.00537,-0.00482
2020-11-25,-0.00533,-0.00482
2020-11-26,-0.00539,-0.00483
2020-11-27,-0.00546,-0.00487
2020-11-30,-0.00551,-0.00487
2020-12-01,-0.00548,-0.00487
2020-12-02,-0.00548,-0.00486
2020-12-03,-0.00539,-0.00488
2020-12-04,-0.00545,-0.0049
2020-12-07,-0.0055,-0.00499
2020-12-08,-0.00549,-0.00504
2020-12-09,-0.00552,-0.00507
2020-12-10,-0.00573,-0.00504
2020-12-11,-0.00554,-0.00499
2020-12-14,-0.00573,-0.00505
2020-12-15,-0.0057,-0.00503
2020-12-16,-0.00575,-0.00499
2020-12-17,-0.00582,-0.00495
2020-12-18,-0.0056,-0.00498
2020-12-21,-0.00563,-0.00492
2020-12-22,-0.00574,-0.00493
2020-12-23,-0.00573,-0.00495
2020-12-24,-0.00568,-0.00494
2020-12-28,-0.00568,-0.00495
2020-12-29,-0.00555,-0.00495
2020-12-30,-0.00562,-0.00499
2020-12-31,-0.00554,-0.00499
2021-01-04,-0.0057,-0.00502
2021-01-05,-0.00573,-0.00503
2021-01-06,-0.00567,-0.00509
2021-01-07,-0.00563,-0.00509
2021-01-08,-0.00555,-0.0051
2021-01-11,-0.00548,-0.00503
2021-01-12,-0.00553,-0.00506
2021-01-13,-0.00563,-0.00498
2021-01-14,-0.00564,-0.00505
2021-01-15,-0.00557,-0.00508
2021-01-18,-0.00567,-0.00503
2021-01-19,-0.00561,-0.00502
2021-01-20,-0.00559,-0.00506
2021-01-21,-0.00561,-0.00505
2021-01-22,-0.00557,-0.00498
2021-01-25,-0.00554,-0.00493
2021-01-26,-0.00563,-0.00504
2021-01-27,-0.00567,-0.00505
2021-01-28,-0.00568,-0.00513
2021-01-29,-0.00571,-0.00512
2021-02-01,-0.0056,-0.00511
2021-02-02,-0.00563,-0.00515
2021-02-03,-0.00568,-0.00507
2021-02-04,-0.00568,-0.00508
2021-02-05,-0.00554,-0.00504
2021-02-08,-0.00548,-0.00503
2021-02-09,-0.00551,-0.00503
2021-02-10,-0.0055,-0.00503
2021-02-11,-0.00548,-0.00502
2021-02-12,-0.00553,-0.00502
2021-02-15,-0.00553,-0.00505
2021-02-16,-0.0055,-0.005
2021-02-17,-0.00552,-0.00498
2021-02-18,-0.00548,-0.00498
2021-02-19,-0.00553,-0.00494
2021-02-22,-0.0055,-0.00494
2021-02-23,-0.0055,-0.00496
2021-02-24,-0.00549,-0.00494
2021-02-25,-0.00553,-0.00497
2021-02-26,-0.00547,-0.00483
2021-03-01,-0.00553,-0.00478
2021-03-02,-0.00548,-0.00488
2021-03-03,-0.0056,-0.00482
2021-03-04,-0.0056,-0.00486
2021-03-05,-0.00554,-0.00487
2021-03-08,-0.00548,-0.00483
2021-03-09,-0.00557,-0.00488
2021-03-10,-0.00553,-0.00487
2021-03-11,-0.00561,-0.00486
2021-03-12,-0.00548,-0.00483
2021-03-15,-0.00556,-0.00482
2021-03-16,-0.00563,-0.00491
2021-03-17,-0.00553,-0.00485
2021-03-18,-0.00555,-0.00487
2021-03-19,-0.00553,-0.00483
2021-03-22,-0.00549,-0.00491
2021-03-23,-0.00552,-0.00493
2021-03-24,-0.00549,-0.00493
2021-03-25,-0.00551,-0.00487
2021-03-26,-0.0055,-0.00489
2021-03-29,-0.00545,-0.00488
2021-03-30,-0.00555,-0.00494
2021-03-31,-0.00556,-0.00484
2021-04-01,-0.00551,-0.00488
2021-04-06,-0.0055,-0.00496
2021-04-07,-0.00553,-0.00492
2021-04-08,-0.00556,-0.00493
2021-04-09,-0.00559,-0.00497
2021-04-12,-0.00558,-0.0049
2021-04-13,-0.00549,-0.00493
2021-04-14,-0.0055,-0.00482
2021-04-15,-0.00561,-0.00478
2021-04-16,-0.00553,-0.00478
2021-04-19,-0.00552,-0.00478
2021-04-20,-0.00558,-0.00473
2021-04-21,-0.00554,-0.00476
2021-04-22,-0.00555,-0.00476
2021-04-23,-0.00557,-0.00476
2021-04-26,-0.00556,-0.00477
2021-04-27,-0.00558,-0.00484
2021-04-28,-0.00557,-0.00483
2021-04-29,-0.00558,-0.00479
2021-04-30,-0.00556,-0.00481
2021-05-03,-0.00559,-0.00486
2021-05-04,-0.00562,-0.00483
2021-05-05,-0.00553,-0.00483
2021-05-06,-0.00558,-0.00483
2021-05-07,-0.00553,-0.00483
2021-05-10,-0.00551,-0.00482
2021-05-11,-0.00548,-0.00481
2021-05-12,-0.00552,-0.0048
2021-05-13,-0.00553,-0.00482
2021-05-14,-0.00561,-0.00478
2021-05-17,-0.00563,-0.00478
2021-05-18,-0.00559,-0.00476
2021-05-19,-0.00562,-0.00479
2021-05-20,-0.00562,-0.00482
2021-05-21,-0.00563,-0.00479
2021-05-24,-0.00561,-0.00478
2021-05-25,-0.00557,-0.00476
2021-05-26,-0.00561,-0.0048
2021-05-27,-0.00557,-0.0048
2021-05-28,-0.00558,-0.00481
2021-05-31,-0.00563,-0.00483
2021-06-01,-0.0056,-0.00487
2021-06-02,-0.00556,-0.00485
2021-06-03,-0.00558,-0.00485
2021-06-04,-0.00558,-0.00486
2021-06-07,-0.00557,-0.00486
2021-06-08,-0.00553,-0.00488
2021-06-09,-0.00547,-0.00485
2021-06-10,-0.00549,-0.00488
2021-06-11,-0.00551,-0.00489
2021-06-14,-0.0055,-0.00488
2021-06-15,-0.00547,-0.00488
2021-06-16,-0.00548,-0.00485
2021-06-17,-0.00555,-0.00486
2021-06-18,-0.00548,-0.00485
2021-06-21,-0.0055,-0.0048
2021-06-22,-0.00553,-0.00477
2021-06-23,-0.00553,-0.00478
2021-06-24,-0.00558,-0.00478
2021-06-25,-0.00562,-0.00478
2021-06-28,-0.00564,-0.0048
2021-06-29,-0.00555,-0.0048
2021-06-30,-0.00569,-0.00483
2021-07-01,-0.00561,-0.00485
2021-07-02,-0.00555,-0.00485
2021-07-05,-0.00553,-0.00488
2021-07-06,-0.00553,-0.00489
2021-07-07,-0.00554,-0.00491
2021-07-08,-0.00556,-0.00493
2021-07-09,-0.00552,-0.00494
2021-07-12,-0.00549,-0.00493
2021-07-13,-0.0056,-0.0049
2021-07-14,-0.00559,-0.00488
2021-07-15,-0.00557,-0.00487
2021-07-16,-0.00557,-0.00488
2021-07-19,-0.0056,-0.00488
2021-07-20,-0.00558,-0.00486
2021-07-21,-0.00553,-0.00484
2021-07-22,-0.00553,-0.00485
2021-07-23,-0.0056,-0.00493
2021-07-26,-0.00558,-0.00493
2021-07-27,-0.00557,-0.00494
2021-07-28,-0.00558,-0.00498
2021-07-29,-0.00558,-0.00502
2021-07-30,-0.00556,-0.00502
2021-08-02,-0.00556,-0.00502
2021-08-03,-0.00563,-0.00505
2021-08-04,-0.0056,-0.00502
2021-08-05,-0.00568,-0.00504
2021-08-06,-0.00561,-0.00501
2021-08-09,-0.00561,-0.00502
2021-08-10,-0.00561,-0.00498
2021-08-11,-0.00565,-0.00498
2021-08-12,-0.00566,-0.00497
2021-08-13,-0.00561,-0.00496
2021-08-16,-0.00564,-0.00493
2021-08-17,-0.00565,-0.00491
2021-08-18,-0.00558,-0.00493
2021-08-19,-0.0056,-0.00494
2021-08-20,-0.00552,-0.00494
2021-08-23,-0.00557,-0.00494
2021-08-24,-0.00557,-0.00495
2021-08-25,-0.00559,-0.00498
2021-08-26,-0.0056,-0.00501
2021-08-27,-0.00556,-0.00502
2021-08-30,-0.00559,-0.005
2021-08-31,-0.00554,-0.00501
2021-09-01,-0.00554,-0.00496
2021-09-02,-0.00558,-0.00499
2021-09-03,-0.00553,-0.005
2021-09-06,-0.00555,-0.005
2021-09-07,-0.00552,-0.00496
2021-09-08,-0.00557,-0.00494
2021-09-09,-0.00558,-0.00489
2021-09-10,-0.00558,-0.00495
2021-09-13,-0.00557,-0.00489
2021-09-14,-0.00556,-0.00488
2021-09-15,-0.00557,-0.00488
2021-09-16,-0.00559,-0.00493
2021-09-17,-0.00562,-0.0049
2021-09-20,-0.00558,-0.00489
2021-09-21,-0.00563,-0.00497
2021-09-22,-0.00561,-0.00491
2021-09-23,-0.00557,-0.00495
2021-09-24,-0.00553,-0.00488
2021-09-27,-0.00561,-0.00486
2021-09-28,-0.00558,-0.00489
2021-09-29,-0.00558,-0.00491
2021-09-30,-0.00563,-0.00488
2021-10-01,-0.00557,-0.00488
2021-10-04,-0.00559,-0.00488
2021-10-05,-0.00567,-0.00491
2021-10-06,-0.00564,-0.00487
2021-10-07,-0.00562,-0.00482
2021-10-08,-0.00561,-0.00482
2021-10-11,-0.00563,-0.0048
2021-10-12,-0.00561,-0.00476
2021-10-13,-0.00561,-0.00473
2021-10-14,-0.00563,-0.00473
2021-10-15,-0.00564,-0.00483
2021-10-18,-0.00561,-0.0048
2021-10-19,-0.00557,-0.00467
2021-10-20,-0.00563,-0.00468
2021-10-21,-0.00559,-0.00477
2021-10-22,-0.00563,-0.00471
2021-10-25,-0.00557,-0.00471
2021-10-26,-0.00556,-0.00474
2021-10-27,-0.00558,-0.00473
2021-10-28,-0.00556,-0.00473
2021-10-29,-0.00557,-0.00455
2021-11-01,-0.00557,-0.00443
2021-11-02,-0.0056,-0.00461
2021-11-03,-0.00565,-0.00482
2021-11-04,-0.00567,-0.00478
2021-11-05,-0.00567,-0.00495
2021-11-08,-0.00573,-0.00501
2021-11-09,-0.00563,-0.00498
2021-11-10,-0.00566,-0.00496
2021-11-11,-0.00574,-0.00478
2021-11-12,-0.00566,-0.00473
2021-11-15,-0.00566,-0.0048
2021-11-16,-0.00563,-0.00484
2021-11-17,-0.00567,-0.00489
2021-11-18,-0.00563,-0.00488
2021-11-19,-0.00558,-0.0049
2021-11-22,-0.0056,-0.00495
2021-11-23,-0.0057,-0.00491
2021-11-24,-0.00565,-0.00491
2021-11-25,-0.00568,-0.00498
2021-11-26,-0.00567,-0.00494
2021-11-29,-0.00563,-0.00504
2021-11-30,-0.0057,-0.00505
2021-12-01,-0.00573,-0.00505
2021-12-02,-0.00568,-0.00498
2021-12-03,-0.00569,-0.005
2021-12-06,-0.00567,-0.00499
2021-12-07,-0.00573,-0.00499
2021-12-08,-0.00565,-0.00498
2021-12-09,-0.00581,-0.00497
2021-12-10,-0.00576,-0.00498
2021-12-13,-0.00593,-0.00504
2021-12-14,-0.00625,-0.00508
2021-12-15,-0.00598,-0.00508
2021-12-16,-0.00593,-0.00508
2021-12-17,-0.00611,-0.00511
2021-12-20,-0.00625,-0.00518
2021-12-21,-0.00611,-0.00515
2021-12-22,-0.00643,-0.00505
2021-12-23,-0.00648,-0.00499
2021-12-24,-0.00621,-0.00494
2021-12-27,-0.00614,-0.00495
2021-12-28,-0.00598,-0.00495
2021-12-29,-0.00594,-0.00492
2021-12-30,-0.00585,-0.00498
2021-12-31,-0.00583,-0.00501
2022-01-03,-0.00576,-0.00499
2022-01-04,-0.00569,-0.00498
2022-01-05,-0.00566,-0.005
2022-01-06,-0.0057,-0.00496
2022-01-07,-0.00565,-0.00493
2022-01-10,-0.00563,-0.00489
2022-01-11,-0.00564,-0.0049
2022-01-12,-0.00563,-0.00475
2022-01-13,-0.00568,-0.00483
2022-01-14,-0.00565,-0.00483
2022-01-17,-0.00562,-0.0047
2022-01-18,-0.00563,-0.00468
2022-01-19,-0.00563,-0.00468
2022-01-20,-0.00561,-0.0046
2022-01-21,-0.00559,-0.00462
2022-01-24,-0.00563,-0.00463
2022-01-25,-0.00562,-0.00467
2022-01-26,-0.00565,-0.00468
2022-01-27,-0.00565,-0.00466
2022-01-28,-0.00563,-0.00459
2022-01-31,-0.00567,-0.00453
2022-02-01,-0.0056,-0.00431
2022-02-02,-0.00561,-0.00429
2022-02-03,-0.0056,-0.00423
2022-02-04,-0.00551,-0.00346
2022-02-07,-0.00548,-0.0031
2022-02-08,-0.00545,-0.00313
2022-02-09,-0.00547,-0.00313
2022-02-10,-0.00552,-0.00325
2022-02-11,-0.00557,-0.00298
2022-02-14,-0.00551,-0.00283
2022-02-15,-0.00555,-0.00285
2022-02-16,-0.00558,-0.00286
2022-02-17,-0.00562,-0.00313
2022-02-18,-0.00557,-0.00329
2022-02-21,-0.00556,-0.00332
2022-02-22,-0.00555,-0.00337
2022-02-23,-0.00544,-0.00332
2022-02-24,-0.00548,-0.00323
2022-02-25,-0.00543,-0.00348
2022-02-28,-0.00551,-0.00349
2022-03-01,-0.00553,-0.00363
2022-03-02,-0.00558,-0.00398
2022-03-03,-0.00549,-0.00377
2022-03-04,-0.00546,-0.00359
2022-03-07,-0.00517,-0.00352
2022-03-08,-0.00528,-0.00328
2022-03-09,-0.0053,-0.00308
2022-03-10,-0.00549,-0.00293
2022-03-11,-0.00548,-0.00268
2022-03-14,-0.00556,-0.00258
2022-03-15,-0.00553,-0.00237
2022-03-16,-0.00554,-0.00232
2022-03-17,-0.00548,-0.00216
2022-03-18,-0.00557,-0.00207
2022-03-21,-0.0055,-0.00203
2022-03-22,-0.00562,-0.00186
2022-03-23,-0.00549,-0.00165
2022-03-24,-0.00541,-0.0016
2022-03-25,-0.00546,-0.00142
2022-03-28,-0.00536,-0.00127
2022-03-29,-0.00533,-0.00105
2022-03-30,-0.00527,-0.00103
2022-03-31,-0.00532,-0.00073
2022-04-01,-0.00541,-0.00086
2022-04-04,-0.00551,-0.00083
2022-04-05,-0.00548,-0.00093
2022-04-06,-0.0054,-0.00063
2022-04-07,-0.00548,-0.00058
2022-04-08,-0.00541,-0.00048
2022-04-11,-0.00529,-0.0003
2022-04-12,-0.00538,5e-05
2022-04-13,-0.00543,-0.00014
2022-04-14,-0.00547,3e-05
2022-04-19,-0.0056,-0.0001
2022-04-20,-0.00569,-0.00014
2022-04-21,-0.00541,0.00017
2022-04-22,-0.0052,0.00084
2022-04-25,-0.005,0.00134
2022-04-26,-0.00513,0.00111
2022-04-27,-0.0052,0.00109
2022-04-28,-0.00522,0.00118
2022-04-29,-0.00538,0.00166
2022-05-02,-0.00527,0.00213
2022-05-03,-0.00543,0.00225
2022-05-04,-0.00544,0.00234
2022-05-05,-0.00553,0.00253
2022-05-06,-0.00553,0.00246
2022-05-09,-0.00533,0.00263
2022-05-10,-0.00553,0.00236
2022-05-11,-0.00566,0.00227
2022-05-12,-0.00544,0.0023
2022-05-13,-0.00546,0.00182
2022-05-16,-0.00558,0.00206
2022-05-17,-0.00544,0.0024
2022-05-18,-0.00552,0.00313
2022-05-19,-0.00542,0.00344
2022-05-20,-0.00535,0.00353
2022-05-23,-0.00543,0.00348
2022-05-24,-0.00543,0.00364
2022-05-25,-0.00547,0.00359
2022-05-26,-0.00544,0.0036
2022-05-27,-0.00545,0.00358
2022-05-30,-0.00545,0.00361
2022-05-31,-0.00546,0.0039
2022-06-01,-0.00541,0.00417
2022-06-02,-0.00538,0.0045
2022-06-03,-0.00538,0.00486
2022-06-06,-0.00531,0.00521
2022-06-07,-0.00525,0.00561
2022-06-08,-0.00537,0.00569
2022-06-09,-0.00533,0.00614
2022-06-10,-0.00539,0.0068
2022-06-13,-0.00536,0.00792
2022-06-14,-0.00512,0.00957
2022-06-15,-0.00494,0.01067
2022-06-16,-0.00498,0.01058
2022-06-17,-0.00487,0.01124
2022-06-20,-0.005,0.01091
2022-06-21,-0.00512,0.01115
2022-06-22,-0.00512,0.01108
2022-06-23,-0.00528,0.01089
2022-06-24,-0.00553,0.00975
2022-06-27,-0.00551,0.00948
2022-06-28,-0.00536,0.01022
2022-06-29,-0.00535,0.01068
2022-06-30,-0.00508,0.01037
2022-07-01,-0.00506,0.00961
2022-07-04,-0.00485,0.00897
2022-07-05,-0.0046,0.00939
2022-07-06,-0.00465,0.00839
2022-07-07,-0.00464,0.00821
2022-07-08,-0.00427,0.00972
2022-07-11,-0.00398,0.00969
2022-07-12,-0.004,0.00926
2022-07-13,-0.00421,0.00865
2022-07-14,-0.00378,0.00952
2022-07-15,-0.00317,0.01057
2022-07-18,-0.0032,0.01015
2022-07-19,-0.00325,0.01052
2022-07-20,-0.00259,0.01164
2022-07-21,-0.00252,0.01142
2022-07-22,-0.0017,0.012
2022-07-25,-0.00131,0.0104
2022-07-26,-0.00089,0.01033
2022-07-27,-0.00062,0.01013
2022-07-28,-0.00035,0.01044
2022-07-29,-0.00071,0.00921
2022-08-01,-0.00062,0.00942
2022-08-02,-0.00048,0.00926
2022-08-03,-0.0004,0.00963
2022-08-04,-0.00039,0.01014
2022-08-05,-0.00041,0.01023
2022-08-08,-0.00032,0.0111
2022-08-09,-0.00015,0.01113
2022-08-10,-0.00025,0.01152
2022-08-11,-0.00027,0.01141
2022-08-12,-0.00035,0.01163
2022-08-15,-0.00016,0.01158
2022-08-16,-0.00028,0.01118
2022-08-17,-0.00014,0.01146
2022-08-18,3e-05,0.01229
2022-08-19,0.00026,0.01258
2022-08-22,0.00046,0.01344
2022-08-23,0.00059,0.01398
2022-08-24,0.00079,0.01427
2022-08-25,0.00085,0.01483
2022-08-26,0.00094,0.01482
2022-08-29,0.0012,0.01612
2022-08-30,0.00196,0.01758
2022-08-31,0.0023,0.01778
2022-09-01,0.00228,0.01851
2022-09-02,0.00314,0.01896
2022-09-05,0.00298,0.01874
2022-09-06,0.00368,0.01921
2022-09-07,0.00394,0.01913
2022-09-08,0.00381,0.01903
2022-09-09,0.0048,0.02015
2022-09-12,0.00586,0.02075
2022-09-13,0.00619,0.02102
2022-09-14,0.00669,0.02156
2022-09-15,0.0068,0.02223
2022-09-16,0.00678,0.02263
2022-09-19,0.00692,0.02295
2022-09-20,0.007,0.02338
2022-09-21,0.00708,0.02416
2022-09-22,0.0068,0.02442
2022-09-23,0.00698,0.025
2022-09-26,0.007,0.02563
2022-09-27,0.00722,0.02625
2022-09-28,0.00685,0.02621
2022-09-29,0.00666,0.02578
2022-09-30,0.00679,0.02556
2022-10-03,0.00674,0.025
2022-10-04,0.00664,0.0241
2022-10-05,0.00706,0.02363
2022-10-06,0.00733,0.0247
2022-10-07,0.00783,0.02552
2022-10-10,0.00809,0.02639
2022-10-11,0.00843,0.02693
2022-10-12,0.00854,0.02659
2022-10-13,0.00845,0.02661
2022-10-14,0.00892,0.02677
2022-10-17,0.00913,0.02679
2022-10-18,0.00919,0.02698
2022-10-19,0.00938,0.02684
2022-10-20,0.00943,0.02733
2022-10-21,0.00983,0.02778
2022-10-24,0.00979,0.02738
2022-10-25,0.01038,0.02725
2022-10-26,0.01109,0.0269
2022-10-27,0.01133,0.02671
2022-10-28,0.01208,0.02567
2022-10-31,0.01253,0.0263
2022-11-01,0.01376,0.02686
2022-11-02,0.01385,0.02673
2022-11-03,0.01401,0.02735
2022-11-04,0.01398,0.02794
2022-11-07,0.01405,0.0282
2022-11-08,0.01415,0.02846
2022-11-09,0.01415,0.02874
2022-11-10,0.01395,0.02862
2022-11-11,0.01362,0.02811
2022-11-14,0.01405,0.02867
2022-11-15,0.01414,0.02852
2022-11-16,0.01395,0.02843
2022-11-17,0.01425,0.02834
2022-11-18,0.01413,0.02837
2022-11-21,0.014,0.02835
2022-11-22,0.01418,0.02847
2022-11-23,0.01448,0.02854
2022-11-24,0.01462,0.02879
2022-11-25,0.01476,0.0286
2022-11-28,0.01492,0.02892
2022-11-29,0.01497,0.02892
2022-11-30,0.01512,0.0283
2022-12-01,0.01526,0.02842
2022-12-02,0.01514,0.02811
2022-12-05,0.01523,0.02841
2022-12-06,0.01519,0.0287
2022-12-07,0.01552,0.02864
2022-12-08,0.01538,0.02858
2022-12-09,0.01605,0.02861
2022-12-12,0.01622,0.0288
2022-12-13,0.01686,0.02873
2022-12-14,0.01697,0.02871
2022-12-15,0.01691,0.02867
2022-12-16,0.01748,0.02993
2022-12-19,0.01797,0.03057
2022-12-20,0.01898,0.03118
2022-12-21,0.01913,0.03176
2022-12-22,0.01894,0.03192
2022-12-23,0.0191,0.03238
2022-12-27,0.01895,0.03265
2022-12-28,0.01898,0.03325
2022-12-29,0.01901,0.03288
2022-12-30,0.01884,0.03291
2023-01-02,0.01883,0.03316
2023-01-03,0.01854,0.03321
2023-01-04,0.01888,0.03312
2023-01-05,0.01894,0.03303
2023-01-06,0.01904,0.03328
2023-01-09,0.01898,0.03328
2023-01-10,0.01935,0.03338
2023-01-11,0.01922,0.0337
2023-01-12,0.01918,0.03325
2023-01-13,0.01908,0.03315
2023-01-16,0.0197,0.03332
2023-01-17,0.0198,0.03339
2023-01-18,0.01985,0.03311
2023-01-19,0.0199,0.033
2023-01-20,0.01999,0.03327
2023-01-23,0.02014,0.03345
2023-01-24,0.02052,0.03353
2023-01-25,0.02064,0.03363
2023-01-26,0.02077,0.03352
2023-01-27,0.0213,0.03356
2023-01-30,0.02144,0.03368
2023-01-31,0.02177,0.03413
2023-02-01,0.0219,0.03414
2023-02-02,0.02262,0.03446
2023-02-03,0.02255,0.03374
2023-02-06,0.02325,0.03401
2023-02-07,0.02361,0.03435
2023-02-08,0.02381,0.03451
2023-02-09,0.02363,0.03486
2023-02-10,0.02375,0.03465
2023-02-13,0.02402,0.0351
2023-02-14,0.02374,0.03518
2023-02-15,0.02405,0.03542
2023-02-16,0.02406,0.03567
2023-02-17,0.02374,0.03572
2023-02-20,0.02383,0.03579
2023-02-21,0.02392,0.03578
2023-02-22,0.02396,0.03625
2023-02-23,0.02403,0.03642
2023-02-24,0.02429,0.03662
2023-02-27,0.02422,0.0368
2023-02-28,0.02478,0.03725
2023-03-01,0.02487,0.03745
2023-03-02,0.02502,0.03821
2023-03-03,0.02551,0.03826
2023-03-06,0.02511,0.03859
2023-03-07,0.02562,0.03908
2023-03-08,0.02565,0.03944
2023-03-09,0.02573,0.03978
2023-03-10,0.0263,0.03953
2023-03-13,0.02646,0.03858
2023-03-14,0.02601,0.03509
2023-03-15,0.02615,0.03662
2023-03-16,0.02558,0.03359
2023-03-17,0.02648,0.0338
2023-03-20,0.02778,0.03395
2023-03-21,0.02822,0.03322
2023-03-22,0.02902,0.03468
2023-03-23,0.02902,0.03578
2023-03-24,0.02928,0.03533
2023-03-27,0.02902,0.03469
2023-03-28,0.02904,0.03542
2023-03-29,0.02905,0.03573
2023-03-30,0.02921,0.03568
2023-03-31,0.02915,0.03622
2023-04-03,0.02928,0.03651
2023-04-04,0.02899,0.03638
2023-04-05,0.02888,0.03628
2023-04-06,0.02887,0.03578
2023-04-11,0.02889,0.03582
2023-04-12,0.02889,0.03654
2023-04-13,0.02934,0.03718
2023-04-14,0.02948,0.03723
2023-04-17,0.02966,0.03764
2023-04-18,0.02968,0.03793
2023-04-19,0.02987,0.03825
2023-04-20,0.02998,0.03855
2023-04-21,0.02956,0.03854
2023-04-24,0.03031,0.03865
2023-04-25,0.03024,0.039
2023-04-26,0.03015,0.03858
2023-04-27,0.03037,0.03852
2023-04-28,0.03052,0.0388
2023-05-02,0.03093,0.03822
2023-05-03,0.03088,0.03843
2023-05-04,0.03112,0.03843
2023-05-05,0.03099,0.0377
2023-05-08,0.03138,0.0379
2023-05-09,0.03161,0.03804
2023-05-10,0.03146,0.03808
2023-05-11,0.03159,0.03795
2023-05-12,0.03162,0.03799
2023-05-15,0.0315,0.03805
2023-05-16,0.03158,0.03807
2023-05-17,0.03152,0.03834
2023-05-18,0.03151,0.03858
2023-05-19,0.03134,0.03878
2023-05-22,0.03135,0.03893
2023-05-23,0.03142,0.03904
2023-05-24,0.03138,0.03932
2023-05-25,0.03198,0.03943
2023-05-26,0.03199,0.03955
2023-05-29,0.03213,0.03982
2023-05-30,0.03214,0.03965
2023-05-31,0.03211,0.03939
2023-06-01,0.0321,0.03875
2023-06-02,0.03218,0.03875
2023-06-05,0.03222,0.03884
2023-06-06,0.03254,0.03914
2023-06-07,0.03271,0.03923
2023-06-08,0.03258,0.03936
2023-06-09,0.0329,0.03928
2023-06-12,0.03315,0.03938
2023-06-13,0.03328,0.03942
2023-06-14,0.03338,0.03944
2023-06-15,0.0335,0.03965
2023-06-16,0.03355,0.0402
2023-06-19,0.03372,0.04046
2023-06-20,0.03383,0.04082
2023-06-21,0.03439,0.04088
2023-06-22,0.03413,0.04111
2023-06-23,0.03448,0.04147
2023-06-26,0.03429,0.04092
2023-06-27,0.03411,0.04094
2023-06-28,0.03418,0.04119
2023-06-29,0.03415,0.04103
2023-06-30,0.03399,0.04134
2023-07-03,0.03385,0.04145
2023-07-04,0.03388,0.04164
2023-07-05,0.03393,0.04165
2023-07-06,0.03377,0.04155
2023-07-07,0.03425,0.04193
2023-07-10,0.03438,0.0419
2023-07-11,0.03456,0.04184
2023-07-12,0.03457,0.04191
2023-07-13,0.03446,0.04174
2023-07-14,0.03464,0.04134
2023-07-17,0.03457,0.0415
2023-07-18,0.03465,0.0416
2023-07-19,0.03455,0.04121
2023-07-20,0.03472,0.04141
2023-07-21,0.03502,0.04162
2023-07-24,0.03475,0.04158
2023-07-25,0.03521,0.04114
2023-07-26,0.03545,0.04114
2023-07-27,0.03565,0.0414
2023-07-28,0.03585,0.04111
2023-07-31,0.03578,0.04064
2023-08-01,0.0358,0.04076
2023-08-02,0.0361,0.04081
2023-08-03,0.03609,0.04052
2023-08-04,0.03615,0.04045
2023-08-07,0.03638,0.04055
2023-08-08,0.03615,0.04065
2023-08-09,0.03625,0.04053
2023-08-10,0.03621,0.04052
2023-08-11,0.03638,0.04056
2023-08-14,0.03664,0.04076
2023-08-15,0.03627,0.04091
2023-08-16,0.03623,0.04116
2023-08-17,0.03632,0.04095
2023-08-18,0.03615,0.04091
2023-08-21,0.03612,0.04082
2023-08-22,0.03637,0.04106
2023-08-23,0.03642,0.04082
2023-08-24,0.03632,0.04048
2023-08-25,0.0362,0.04045
2023-08-28,0.03645,0.0407
2023-08-29,0.03631,0.04074
2023-08-30,0.03654,0.04065
2023-08-31,0.03637,0.04102
2023-09-01,0.03639,0.04055
2023-09-04,0.03636,0.04049
2023-09-05,0.03625,0.04068
2023-09-06,0.03651,0.04051
2023-09-07,0.0367,0.04078
2023-09-08,0.03682,0.04086
2023-09-11,0.03662,0.04081
2023-09-12,0.03699,0.04103
2023-09-13,0.03675,0.04112
2023-09-14,0.03725,0.04159
2023-09-15,0.03762,0.04169
2023-09-18,0.03762,0.04191
2023-09-19,0.03891,0.04216
2023-09-20,0.03834,0.04222
2023-09-21,0.03869,0.04224
2023-09-22,0.03872,0.04213
2023-09-25,0.03865,0.04208
2023-09-26,0.03843,0.04199
2023-09-27,0.03858,0.042
2023-09-28,0.03845,0.04221
2023-09-29,0.03847,0.04228
2023-10-02,0.03858,0.04198
2023-10-03,0.03872,0.04208
2023-10-04,0.03834,0.04212
2023-10-05,0.03825,0.04212
2023-10-06,0.03863,0.04194
2023-10-09,0.03871,0.04187
2023-10-10,0.03864,0.04155
2023-10-11,0.03865,0.04145
2023-10-12,0.03872,0.04162
2023-10-13,0.0386,0.04171
2023-10-16,0.03862,0.04172
2023-10-17,0.03845,0.0416
2023-10-18,0.03864,0.04196
2023-10-19,0.03855,0.04184
2023-10-20,0.03863,0.04185
2023-10-23,0.03861,0.04145
2023-10-24,0.03842,0.04154
2023-10-25,0.03845,0.04118
2023-10-26,0.03883,0.04128
2023-10-27,0.03868,0.04104
2023-10-30,0.03893,0.04078
2023-10-31,0.03876,0.04052
2023-11-01,0.03893,0.04044
2023-11-02,0.03883,0.04012
2023-11-03,0.03877,0.04004
2023-11-06,0.0386,0.04022
2023-11-07,0.0385,0.04028
2023-11-08,0.03858,0.04027
2023-11-09,0.03838,0.04028
2023-11-10,0.03834,0.0404
2023-11-13,0.03819,0.0404
2023-11-14,0.03822,0.04064
2023-11-15,0.03791,0.04028
2023-11-16,0.03839,0.04033
2023-11-17,0.03819,0.03991
2023-11-20,0.03822,0.04015
2023-11-21,0.03815,0.04023
2023-11-22,0.03818,0.04016
2023-11-23,0.03835,0.04034
2023-11-24,0.03805,0.04056
2023-11-27,0.03848,0.04057
2023-11-28,0.03847,0.04015
2023-11-29,0.03854,0.03983
2023-11-30,0.03868,0.03926
2023-12-01,0.03869,0.03902
2023-12-04,0.03855,0.03794
2023-12-05,0.03865,0.03785
2023-12-06,0.03859,0.03728
2023-12-07,0.03872,0.03727
2023-12-08,0.03853,0.03725
2023-12-11,0.03858,0.03751
2023-12-12,0.03862,0.03754
2023-12-13,0.03833,0.03758
2023-12-14,0.03844,0.03719
2023-12-15,0.03853,0.03644
2023-12-18,0.03859,0.03613
2023-12-19,0.03853,0.03635
2023-12-20,0.03859,0.03602
2023-12-21,0.03876,0.03582
2023-12-22,0.03865,0.03581
2023-12-27,0.03843,0.03554
2023-12-28,0.03872,0.03536
2023-12-29,0.03845,0.03513
2024-01-02,0.03856,0.03532
2024-01-03,0.03865,0.03545
2024-01-04,0.03858,0.03544
2024-01-05,0.03878,0.03584
2024-01-08,0.03871,0.03616
2024-01-09,0.03867,0.03601
2024-01-10,0.03877,0.03635
2024-01-11,0.0388,0.03654
2024-01-12,0.03893,0.03636
2024-01-15,0.03868,0.0357
2024-01-16,0.03894,0.03596
2024-01-17,0.03875,0.03596
2024-01-18,0.03869,0.0366
2024-01-19,0.03854,0.03655
2024-01-22,0.03859,0.03672
2024-01-23,0.03869,0.03665
2024-01-24,0.03862,0.03676
2024-01-25,0.03868,0.03662
2024-01-26,0.03871,0.03597
2024-01-29,0.03853,0.03582
2024-01-30,0.03854,0.03553
2024-01-31,0.03877,0.03572
2024-02-01,0.03873,0.03505
2024-02-02,0.03864,0.03537
2024-02-05,0.03887,0.03633
2024-02-06,0.03893,0.03667
2024-02-07,0.03874,0.03656
2024-02-08,0.03873,0.0364
2024-02-09,0.03835,0.03658
2024-02-12,0.03882,0.03678
2024-02-13,0.03862,0.03655
2024-02-14,0.03871,0.03692
2024-02-15,0.03877,0.03662
2024-02-16,0.03881,0.03648
2024-02-19,0.03851,0.0367
2024-02-20,0.03895,0.03686
2024-02-21,0.03886,0.03695
2024-02-22,0.03864,0.03697
2024-02-23,0.03851,0.03738
2024-02-26,0.03843,0.03732
2024-02-27,0.03855,0.03735
2024-02-28,0.03856,0.03748
2024-02-29,0.03865,0.03749
2024-03-01,0.03817,0.03744
2024-03-04,0.03839,0.03732
2024-03-05,0.03868,0.03751
2024-03-06,0.03865,0.03748
2024-03-07,0.03868,0.03746
2024-03-08,0.03878,0.03745
2024-03-11,0.03871,0.03703
2024-03-12,0.03847,0.03712
2024-03-13,0.03859,0.03702
2024-03-14,0.03843,0.03701
2024-03-15,0.03862,0.03709
2024-03-18,0.03855,0.0375
2024-03-19,0.03862,0.03756
2024-03-20,0.03862,0.03755
2024-03-21,0.03848,0.03735
2024-03-22,0.03853,0.03682
2024-03-25,0.03842,0.03658
2024-03-26,0.0383,0.03675
2024-03-27,0.03835,0.03684
2024-03-28,0.03855,0.03669
2024-04-02,0.03855,0.03664
2024-04-03,0.03852,0.03648
2024-04-04,0.03877,0.03663
2024-04-05,0.03888,0.03656
2024-04-08,0.03877,0.03673
2024-04-09,0.03837,0.03695
2024-04-10,0.03854,0.03689
2024-04-11,0.03879,0.03729
2024-04-12,0.03836,0.03748
2024-04-15,0.03846,0.03693
2024-04-16,0.03855,0.03702
2024-04-17,0.03828,0.0372
2024-04-18,0.03855,0.03731
2024-04-19,0.03837,0.03732
2024-04-22,0.03819,0.03734
2024-04-23,0.03815,0.03718
2024-04-24,0.03852,0.03701
2024-04-25,0.03862,0.03728
2024-04-26,0.03848,0.03724
2024-04-29,0.03858,0.03726
2024-04-30,0.03873,0.03696
2024-05-02,0.03877,0.03728
2024-05-03,0.03865,0.03693
2024-05-06,0.03852,0.03658
2024-05-07,0.03875,0.03647
2024-05-08,0.0387,0.03642
2024-05-09,0.03862,0.03628
2024-05-10,0.03856,0.03629
2024-05-13,0.03828,0.03654
2024-05-14,0.03838,0.03638
2024-05-15,0.0383,0.03679
2024-05-16,0.03817,0.0365
2024-05-17,0.03799,0.03645
2024-05-20,0.03807,0.03673
2024-05-21,0.03785,0.0368
2024-05-22,0.03797,0.0367
2024-05-23,0.03805,0.03702
2024-05-24,0.03792,0.03729
2024-05-27,0.03792,0.0374
2024-05-28,0.03764,0.03722
2024-05-29,0.03772,0.03716
2024-05-30,0.0375,0.03729
2024-05-31,0.03717,0.03711
2024-06-03,0.0369,0.03722
2024-06-04,0.03666,0.03715
2024-06-05,0.03676,0.0369
2024-06-06,0.03688,0.03684
2024-06-07,0.03679,0.03701
2024-06-10,0.03654,0.03725
2024-06-11,0.03613,0.03728
2024-06-12,0.0363,0.03719
2024-06-13,0.03599,0.03678
2024-06-14,0.03579,0.03672
2024-06-17,0.03602,0.03628
2024-06-18,0.03606,0.036
2024-06-19,0.03608,0.03613
2024-06-20,0.03598,0.03608
2024-06-21,0.036,0.03622
2024-06-24,0.03622,0.0358
2024-06-25,0.03642,0.03578
2024-06-26,0.03646,0.03576
2024-06-27,0.03664,0.03575
2024-06-28,0.03632,0.03578
2024-07-01,0.03655,0.03567
2024-07-02,0.03654,0.03589
2024-07-03,0.03635,0.03596
2024-07-04,0.03624,0.03592
2024-07-05,0.03635,0.03588
2024-07-08,0.03628,0.03599
2024-07-09,0.03615,0.03593
2024-07-10,0.03598,0.03602
2024-07-11,0.03611,0.03595
2024-07-12,0.03625,0.03564
2024-07-15,0.03572,0.03522
2024-07-16,0.03583,0.03506
2024-07-17,0.03601,0.03503
2024-07-18,0.03633,0.03503
2024-07-19,0.03626,0.03502
2024-07-22,0.0363,0.03511
2024-07-23,0.03618,0.03508
2024-07-24,0.03598,0.03528
2024-07-25,0.03604,0.03481
2024-07-26,0.03621,0.03426
2024-07-29,0.03596,0.03425
2024-07-30,0.03611,0.03406
2024-07-31,0.0363,0.0339
2024-08-01,0.03606,0.03349
2024-08-02,0.03611,0.0332
2024-08-05,0.03569,0.03238
2024-08-06,0.03558,0.03138
2024-08-07,0.03594,0.03192
2024-08-08,0.03592,0.03202
2024-08-09,0.03618,0.03176
2024-08-12,0.03625,0.03191
2024-08-13,0.03635,0.0318
2024-08-14,0.03606,0.03148
2024-08-15,0.03599,0.03117
2024-08-16,0.03595,0.03139
2024-08-19,0.03584,0.03183
2024-08-20,0.03587,0.03159
2024-08-21,0.03596,0.03162
2024-08-22,0.03608,0.03133
2024-08-23,0.03595,0.03102
2024-08-26,0.03583,0.03116
2024-08-27,0.03584,0.03095
2024-08-28,0.03592,0.03119
2024-08-29,0.03602,0.03108
2024-08-30,0.03589,0.03088
2024-09-02,0.03588,0.03072
2024-09-03,0.03561,0.03113
2024-09-04,0.03536,0.03094
2024-09-05,0.03542,0.03053
2024-09-06,0.03521,0.03025
2024-09-09,0.0351,0.02986
2024-09-10,0.03489,0.0297
2024-09-11,0.03444,0.0296
2024-09-12,0.03436,0.02929
2024-09-13,0.03405,0.02948
2024-09-16,0.03412,0.02975
2024-09-17,0.03414,0.02948
2024-09-18,0.03398,0.02921
2024-09-19,0.03395,0.02936
2024-09-20,0.03374,0.02918
2024-09-23,0.03346,0.02902
2024-09-24,0.03358,0.02858
2024-09-25,0.03375,0.02776
2024-09-26,0.03378,0.02755
2024-09-27,0.03365,0.02771
2024-09-30,0.03353,0.02747
2024-10-01,0.0333,0.02749
2024-10-02,0.03329,0.02745
2024-10-03,0.03293,0.02712
2024-10-04,0.0327,0.02688
2024-10-07,0.03282,0.02712
2024-10-08,0.03272,0.02798
2024-10-09,0.03256,0.02792
2024-10-10,0.03255,0.02791
2024-10-11,0.03245,0.02822
2024-10-14,0.03258,0.02799
2024-10-15,0.03235,0.02766
2024-10-16,0.03207,0.02743
2024-10-17,0.03174,0.02717
2024-10-18,0.03147,0.02709
2024-10-21,0.03145,0.0263
2024-10-22,0.03131,0.02622
2024-10-23,0.03105,0.02674
2024-10-24,0.03102,0.02614
2024-10-25,0.03127,0.02565
2024-10-28,0.03152,0.0258
2024-10-29,0.03146,0.02577
2024-10-30,0.0313,0.02548
2024-10-31,0.03135,0.02547
2024-11-01,0.03119,0.02629
2024-11-04,0.03128,0.02619
2024-11-05,0.03092,0.0263
2024-11-06,0.03102,0.02642
2024-11-07,0.03095,0.02563
2024-11-08,0.03087,0.02534
2024-11-11,0.0308,0.02528
2024-11-12,0.03088,0.02502
2024-11-13,0.03099,0.02495
2024-11-14,0.03083,0.02494
2024-11-15,0.03062,0.02475
2024-11-18,0.03043,0.02432
2024-11-19,0.03035,0.02448
2024-11-20,0.03045,0.02465
2024-11-21,0.03079,0.02491
2024-11-22,0.03075,0.02489
2024-11-25,0.03078,0.02416
2024-11-26,0.03002,0.02393
2024-11-27,0.02977,0.02448
2024-11-28,0.03022,0.02463
2024-11-29,0.03004,0.02461
2024-12-02,0.02987,0.02431
2024-12-03,0.03002,0.02356
2024-12-04,0.03025,0.02348
2024-12-05,0.03027,0.02388
2024-12-06,0.03005,0.02399
2024-12-09,0.02944,0.0245
2024-12-10,0.02887,0.02439
2024-12-11,0.02889,0.02429
2024-12-12,0.02902,0.02421
2024-12-13,0.02871,0.02405
2024-12-16,0.02845,0.02443
2024-12-17,0.02775,0.02474
2024-12-18,0.02762,0.02474
2024-12-19,0.02795,0.02469
2024-12-20,0.02801,0.02484
2024-12-23,0.02846,0.02461
2024-12-24,0.02863,0.02471
2024-12-27,0.02863,0.02465
2024-12-30,0.02867,0.02454
2024-12-31,0.02845,0.0246
2025-01-02,0.02785,0.02448
2025-01-03,0.02792,0.02448
2025-01-06,0.02835,0.02487
2025-01-07,0.0284,0.02556
2025-01-08,0.02862,0.02561
2025-01-09,0.02883,0.02553
2025-01-10,0.02839,0.02564
2025-01-13,0.0285,0.02576
2025-01-14,0.02852,0.02612
2025-01-15,0.02843,0.02559
2025-01-16,0.02824,0.02563
2025-01-17,0.02798,0.02524
2025-01-20,0.02785,0.02483
2025-01-21,0.02774,0.02489
2025-01-22,0.02776,0.02493
2025-01-23,0.02755,0.02493
2025-01-24,0.02735,0.02499
2025-01-27,0.02735,0.02528
2025-01-28,0.02744,0.02534
2025-01-29,0.02725,0.02535
2025-01-30,0.02729,0.02531
2025-01-31,0.0266,0.02519
2025-02-03,0.02644,0.02436
2025-02-04,0.02614,0.0235
2025-02-05,0.02616,0.02369
2025-02-06,0.02655,0.02354
2025-02-07,0.02646,0.02384
2025-02-10,0.02653,0.02372
2025-02-11,0.02615,0.02374
2025-02-12,0.02616,0.0237
2025-02-13,0.02619,0.02417
2025-02-14,0.02604,0.02438
2025-02-17,0.02616,0.02424
2025-02-18,0.02624,0.02444
2025-02-19,0.02641,0.02447
2025-02-20,0.02653,0.02446
2025-02-21,0.02595,0.02463
2025-02-24,0.026,0.02431
2025-02-25,0.02565,0.02417
2025-02-26,0.0255,0.024
2025-02-27,0.02526,0.02409
2025-02-28,0.02463,0.02394
2025-03-03,0.02466,0.02365
2025-03-04,0.02471,0.02381
2025-03-05,0.02494,0.02392
2025-03-06,0.02481,0.02448
2025-03-07,0.02456,0.02481
2025-03-10,0.02471,0.02461
2025-03-11,0.02446,0.02449
2025-03-12,0.02392,0.02431
2025-03-13,0.02368,0.02451
2025-03-14,0.02379,0.02451
2025-03-17,0.02386,0.02439
2025-03-18,0.02363,0.02416
2025-03-19,0.02389,0.02406
2025-03-20,0.02373,0.02379
2025-03-21,0.02374,0.02371
2025-03-24,0.0234,0.02366
2025-03-25,0.02349,0.02354
2025-03-26,0.02358,0.02346
2025-03-27,0.02363,0.02349
2025-03-28,0.02344,0.02324
2025-03-31,0.02358,0.02306
2025-04-01,0.02349,0.02277
2025-04-02,0.0236,0.02326
2025-04-03,0.02357,0.02311
2025-04-04,0.02341,0.02235
2025-04-07,0.02347,0.0221
2025-04-08,0.02327,0.02107
2025-04-09,0.02328,0.02156
2025-04-10,0.02351,0.02099
2025-04-11,0.02304,0.02167
2025-04-14,0.02252,0.02126
2025-04-15,0.02207,0.02126
2025-04-16,0.02199,0.02132
2025-04-17,0.02134,0.02104
2025-04-22,0.02101,0.02128
2025-04-23,0.02134,0.02022
2025-04-24,0.02147,0.02069
2025-04-25,0.02139,0.02082
2025-04-28,0.02151,0.02066
2025-04-29,0.0216,0.02076
2025-04-30,0.02165,0.02049
2025-05-02,0.02149,0.02045
2025-05-05,0.02123,0.02039
2025-05-06,0.02144,0.02045
2025-05-07,0.02171,0.02039
2025-05-08,0.02131,0.02036
2025-05-09,0.02114,0.02024
2025-05-12,0.02123,0.02067
2025-05-13,0.02126,0.02107
2025-05-14,0.02132,0.0216
2025-05-15,0.0212,0.02161
2025-05-16,0.02089,0.02142
2025-05-19,0.02101,0.02094
2025-05-20,0.02064,0.02095
2025-05-21,0.02053,0.02084
2025-05-22,0.02088,0.02104
2025-05-23,0.02089,0.02096
2025-05-26,0.02096,0.02082
2025-05-27,0.02063,0.02056
2025-05-28,0.02009,0.02056
2025-05-29,0.01991,0.0207
2025-05-30,0.01996,0.0209
2025-06-02,0.01984,0.02057
2025-06-03,0.01947,0.0207
2025-06-04,0.01954,0.02051
2025-06-05,0.01964,0.02044
2025-06-06,0.01972,0.02041
2025-06-09,0.01962,0.02088
2025-06-10,0.01961,0.02086
2025-06-11,0.01914,0.0209
2025-06-12,0.01892,0.0209
2025-06-13,0.01917,0.02084
2025-06-16,0.01911,0.02084
2025-06-17,0.01897,0.02111
2025-06-18,0.01876,0.02099
2025-06-19,0.01899,0.02109
2025-06-20,0.01871,0.02101
2025-06-23,0.01889,0.02093
2025-06-24,0.01934,0.0211
2025-06-25,0.01976,0.02084
2025-06-26,0.01929,0.02073
2025-06-27,0.01916,0.02062
2025-06-30,0.01934,0.02072
2025-07-01,0.01906,0.0207
2025-07-02,0.01889,0.02055
2025-07-03,0.01874,0.02062
2025-07-04,0.01874,0.02066
2025-07-07,0.01889,0.02044
2025-07-08,0.01916,0.02049
2025-07-09,0.01925,0.02083
2025-07-10,0.01926,0.02089
2025-07-11,0.01913,0.02089
2025-07-14,0.01874,0.02114
2025-07-15,0.01846,0.02108
2025-07-16,0.01881,0.02089
2025-07-17,0.01895,0.02087
2025-07-18,0.01883,0.02065
2025-07-21,0.01885,0.02078
2025-07-22,0.01904,0.0205
2025-07-23,0.01912,0.02038
2025-07-24,0.01902,0.02036
2025-07-25,0.01876,0.02058
2025-07-28,0.01881,0.02131
2025-07-29,0.01901,0.02116
2025-07-30,0.01884,0.02116
2025-07-31,0.01886,0.02126
2025-08-01,0.01893,0.02147
2025-08-04,0.01911,0.02156
2025-08-05,0.01911,0.02129
2025-08-06,0.01912,0.02118
2025-08-07,0.01892,0.02122
2025-08-08,0.019,0.02121
2025-08-11,0.01904,0.02132
2025-08-12,0.01866,0.02142
2025-08-13,0.01844,0.02136
2025-08-14,0.01874,0.02116
2025-08-15,0.01901,0.02092
2025-08-18,0.01921,0.02084
2025-08-19,0.01917,0.02081
2025-08-20,0.01911,0.02084
2025-08-21,0.01893,0.02084
2025-08-22,0.01889,0.02084
2025-08-25,0.01881,0.02113
2025-08-26,0.01881,0.02116
2025-08-27,0.01867,0.02101
2025-08-28,0.01863,0.02115
2025-08-29,0.01859,0.02119
2025-09-01,0.01875,0.02148
2025-09-02,0.01898,0.02162
2025-09-03,0.01891,0.02191
2025-09-04,0.01872,0.0219
2025-09-05,0.0188,0.02178
2025-09-08,0.01886,0.02184
2025-09-09,0.01901,0.02169
2025-09-10,0.01893,0.0216
2025-09-11,0.01877,0.02168
2025-09-12,0.01879,0.02167
2025-09-15,0.0188,0.02183
2025-09-16,0.01909,0.02165
2025-09-17,0.01923,0.02164
2025-09-18,0.0193,0.0216
2025-09-19,0.01909,0.02154
2025-09-22,0.01908,0.02159
2025-09-23,0.0187,0.0216
2025-09-24,0.01889,0.02171
2025-09-25,0.01896,0.02179
2025-09-26,0.01913,0.02179
2025-09-29,0.01931,0.02189
2025-09-30,0.01929,0.02193
2025-10-01,0.01909,0.02204
2025-10-02,0.01926,0.02224
2025-10-03,0.01939,0.02224
2025-10-06,0.0192,0.02226
2025-10-07,0.01897,0.02223
2025-10-08,0.01918,0.02216
2025-10-09,0.01926,0.02209
2025-10-10,0.0192,0.02202
2025-10-13,0.01891,0.02201
2025-10-14,0.01897,0.02182
2025-10-15,0.01906,0.02163
2025-10-16,0.01922,0.02166
2025-10-17,0.01919,0.02164
2025-10-20,0.01931,0.02139
2025-10-21,0.01904,0.02157
2025-10-22,0.0189,0.02156
2025-10-23,0.0187,0.02156
2025-10-24,0.01857,0.02159
2025-10-27,0.01886,0.02175
2025-10-28,0.01895,0.02195
2025-10-29,0.01893,0.02185
2025-10-30,0.01911,0.02186
2025-10-31,0.01917,0.02196
2025-11-03,0.01914,0.02199
2025-11-04,0.01881,0.02206
2025-11-05,0.01865,0.02212
2025-11-06,0.01859,0.02211
2025-11-07,0.01891,0.02212
2025-11-10,0.01902,0.02211
2025-11-11,0.01892,0.02216
2025-11-12,0.01871,0.02224
2025-11-13,0.01876,0.02234
2025-11-14,0.01894,0.02235
2025-11-17,0.01905,0.02235
2025-11-18,0.01899,0.02233
2025-11-19,0.01918,0.02229
2025-11-20,0.01922,0.02221
2025-11-21,0.01926,0.0222
2025-11-24,0.01914,0.02209
2025-11-25,0.01926,0.02206
2025-11-26,0.0196,0.02206
2025-11-27,0.01951,0.0221
2025-11-28,0.01946,0.02209
2025-12-01,0.01961,0.02227
2025-12-02,0.01896,0.02244
2025-12-03,0.01886,0.02251
2025-12-04,0.01912,0.02254
2025-12-05,0.01911,0.02254
2025-12-08,0.01904,0.02246
2025-12-09,0.01915,0.02268
2025-12-10,0.01906,0.02284
2025-12-11,0.01935,0.02298
2025-12-12,0.01934,0.02294
2025-12-15,0.01929,0.0231
2025-12-16,0.01943,0.02315
2025-12-17,0.01931,0.02291
2025-12-18,0.01921,0.02264
2025-12-19,0.01908,0.02266
2025-12-22,0.01903,0.02269
2025-12-23,0.01894,0.02265
2025-12-24,0.01884,0.02259
2025-12-29,0.01901,0.02258
2025-12-30,0.01912,0.0225
2025-12-31,0.01939,0.02243
