RIC,Company_Name
ACKB.BR,Ackermans & Van Haaren NV
ACLN.S,Accelleron Industries AG
ACPP.WA,Asseco Poland SA
ACS.MC,ACS Actividades de Construccion y Servicios SA
AEGN.AS,Aegon Ltd
AGES.BR,Ageas SA
AIBG.I,AIB Group PLC
AKZO.AS,Akzo Nobel NV
ALEP.WA,Allegro.eu SA
AMBUb.CO,Ambu A/S
ANDR.VI,Andritz AG
AUTOA.L,Autotrader Group PLC
AV.L,Aviva PLC
AXAF.PA,AXA SA
AZMT.MI,Azimut Holding SpA
BAKKA.OL,P/F Bakkafrost
BARC.L,Barclays PLC
BAVA.CO,Bavarian Nordic A/S
BBVA.MC,Banco Bilbao Vizcaya Argentaria SA
BEIJb.ST,Beijer Ref AB (publ)
BEZG.L,Beazley PLC
BFT.WA,Benefit Systems SA
BIOX.PA,Biomerieux SA
BKT.MC,Bankinter SA
BMWG.DE,Bayerische Motoren Werke AG
BWY.L,Bellway PLC
CAST.ST,Castellum AB
CCH.L,Coca Cola HBC AG
CCL.L,Carnival PLC
CLNX.MC,Cellnex Telecom S.a
CPRI.MI,Davide Campari Milano NV
CRDA.L,Croda International PLC
CRDI.MI,UniCredit SpA
CTEC.L,ConvaTec Group PLC
CVC.AS,CVC Capital Partners PLC
CWK.L,Cranswick PLC
DANO.PA,Danone SA
DAST.PA,Dassault Systemes SE
DB1Gn.DE,Deutsche Boerse AG
DEMANT.CO,Demant A/S
DIOR.PA,Christian Dior SE
DLG.MI,De' Longhi SpA
DPLM.L,Diploma PLC
DSFIR.AS,DSM-Firmenich AG
ELIS.PA,Elis SA
ELISA.HE,Elisa Oyj
EPIRa.ST,Epiroc AB
EQTAB.ST,EQT AB
ERST.VI,Erste Group Bank AG
ESSITYb.ST,Essity AB (publ)
EVOG.ST,Evolution AB (publ)
EXOR.AS,Exor NV
FNTGn.DE,freenet AG
FRAG.DE,Fraport Frankfurt Airport Services Worldwide AG
FRES.L,Fresnillo PLC
FRO.OL,Frontline PLC
GBFG.DE,Bilfinger Se
GETP.PA,Getlink SE
GF.S,Georg Fischer AG
GRLS.MC,Grifols SA
HEIO.AS,Heineken Holding NV
HMb.ST,H & M Hennes & Mauritz AB
HRA.MI,Hera SpA
HRMS.PA,Hermes International SCA
IDR.MC,Indra Sistemas SA
III.L,3i Group PLC
IMB.L,Imperial Brands PLC
INCH.L,Inchcape PLC
INF.L,Informa PLC
INGA.AS,ING Groep NV
IPN.PA,Ipsen SA
ITRK.L,Intertek Group PLC
IVG.MI,Iveco Group NV
JMT.LS,Jeronimo Martins SGPS SA
KBC.BR,Kbc Groep NV
KBCA.BR,Kbc Ancora NV
KCRA.HE,Konecranes Oyj
KPN.AS,Koninklijke KPN NV
LAGRb.ST,Lagercrantz Group AB
LAND.L,Land Securities Group PLC
LLOY.L,Lloyds Banking Group PLC
LOIM.PA,Klepierre SA
MBK.WA,mBank SA
METSO.HE,Metso Oyj
MICCT.AS,Magnum Ice Cream Company NV
MKS.L,Marks and Spencer Group PLC
MNDI.L,Mondi PLC
MT.AS,ArcelorMittal SA
MTXGn.DE,MTU Aero Engines AG
MYCR.ST,Mycronic AB (publ)
NAFG.DE,Aurubis AG
NEKG.DE,Nemetschek SE
NHY.OL,Norsk Hydro ASA
NOD.OL,Nordic Semiconductor ASA
NOVN.S,Novartis AG
NOVOb.CO,Novo Nordisk A/S
NWG.L,NatWest Group PLC
ORK.OL,Orkla ASA
PERP.PA,Pernod Ricard SA
PHG.AS,Koninklijke Philips NV
PIRC.MI,Pirelli and C. S.p.a
PSHG_p.DE,Porsche Automobil Holding SE
PUMG.DE,Puma SE
QQ.L,QinetiQ Group PLC
RBIV.VI,Raiffeisen Bank International AG
RENA.PA,Renault SA
RILBA.CO,Ringkjoebing Landbobank A/S
RMV.L,Rightmove PLC
RTO.L,Rentokil Initial PLC
RWEG.DE,RWE AG
RYA.I,Ryanair Holdings PLC
SABE.MC,Banco de Sabadell SA
SAND.ST,Sandvik AB
SB1NO.OL,Sparebank 1 Sor-Norge ASA
SBRY.L,J Sainsbury PLC
SCMN.S,Swisscom AG
SCOR.PA,Scor SE
SDLF.L,Standard Life PLC
SDZ.S,Sandoz Group AG
SGSN.S,SGS SA
SIEGn.DE,Siemens AG
SIGNC.S,SIG Group AG
SLHN.S,Swiss Life Holding AG
SMIN.L,Smiths Group PLC
SQN.S,Swissquote Group Holding SA
SRENH.S,Swiss Re AG
SRG.MI,Snam SpA
STB.OL,Storebrand ASA
STLAM.MI,Stellantis NV
SUNN.S,Sunrise Communications Ltd
SWECb.ST,Sweco AB (publ)
TEF.MC,Telefonica SA
TEMN.S,Temenos AG
TENR.MI,Tenaris SA
TOM.OL,Tomra Systems ASA
TRELb.ST,Trelleborg AB
TRN.MI,Terna Rete Elettrica Nazionale SpA
TTEF.PA,TotalEnergies SE
TUB.BR,Financiere de Tubize SA
UMG.AS,Universal Music Group NV
UNI.MC,Unicaja Banco SA
UNPI.MI,Unipol Assicurazioni SpA
VACN.S,VAT Group AG
VERB.VI,Verbund AG
VID.MC,Vidrala SA
VIS.MC,Viscofan SA
VLOF.PA,Valeo SE
VOD.L,Vodafone Group PLC
VTYV.L,Vistry Group PLC
VWS.CO,Vestas Wind Systems A/S
VZN.S,VZ Holding AG
WDPP.BR,Warehouses de Pauw NV
WIHL.ST,Wihlborgs Fastigheter AB
WLSNc.AS,Wolters Kluwer NV
WPP.L,WPP PLC
WRT1V.HE,Wartsila Oyj Abp
WTB.L,Whitbread PLC
ZAB.WA,Zabka Group SA
ZALG.DE,Zalando SE
